7,0.00797843933105468813,6.6522092819213879,0.02393579483032226613,0.113695859909057629,0.0179362297058105479,0.0328969955444335947,0.007978916168212899,0.0129632949829101569,0.0189485549926757811,0.1585769653320312511,0.0358879566192626951,0.015,0.426857471466064459,0.01196765899658203115,0.19047474861145027,0.01296424865722656215,1.5009858608245859,0.01495909690856933611,0.072805643081665049,0.082792997360229497,0.0089900493621826179,0.0149738788604736339,0.0149748325347900395,0.0069954395294189453,0.00200939178466796883,0.00300621986389160165,0.0049858093261718755,0.0059690475463867199,0.06980919837951667,0.01296520233154296911,0.0309011936187744145,0.004998445510864258
15,1.8301219940185547
5,0.004986286163330078
17,13.857922792434692
9,0.01595759391784668
13,0.18849587440490723
7,0.013962030410766602
5,0.00498652458190918
11,0.19449472427368164
11,0.08974456787109375
7,0.00797891616821289
5,0.005969524383544922
9,0.011967658996582031
11,0.02792048454284668
9,0.027941226959228516
15,1.6186561584472656
3,0.0019941329956054688
1,0.0
9,0.07079601287841797
15,0.1715412139892578
9,0.060820817947387695
9,0.019930601119995117
9,0.20244264602661133
11,0.035920143127441406
9,0.02593064308166504
5,0.00400543212890625
5,0.005002021789550781
5,0.004987478256225586
7,0.009956598281860352
7,0.026926755905151367
5,0.0049896240234375
7,0.02991938591003418
15,0.32212138175964355
7,0.007962942123413086
11,0.2513132095336914
11,0.0578303337097168
7,0.007978677749633789
3,0.0019800662994384766
5,0.004971742630004883
9,0.020928144454956055
13,0.02591562271118164
9,0.029919862747192383
9,0.05585122108459473
11,0.07779049873352051
7,0.007962465286254883
13,0.187483549118042
9,0.011952877044677734
15,4.706397771835327
5,0.004970550537109375
9,0.016954660415649414
11,0.018948793411254883
9,0.013962268829345703
7,0.027925491333007812
7,0.007979393005371094
7,0.008976221084594727
5,0.0049860477447509766
9,0.06183505058288574
13,34.283297300338745
11,0.03989362716674805
9,0.020943880081176758
9,0.013962268829345703
9,0.31615495681762695
7,0.007995367050170898
7,0.007978439331054688
13,0.2513132095336914
9,0.04488015174865723
9,0.026927947998046875
13,0.2932319641113281
9,0.02591681480407715
9,0.02393651008605957
9,0.057862043380737305
7,0.00799250602722168
7,0.01894974708557129
9,0.3051793575286865
7,0.012964487075805664
7,0.011968374252319336
3,0.0030074119567871094
5,0.00599980354309082
11,0.1406242847442627
7,0.008975982666015625
9,0.034906625747680664
9,0.02392101287841797
13,0.1795048713684082
11,0.08676695823669434
11,2.1542232036590576
5,0.00498652458190918
11,0.0249330997467041
7,0.013977766036987305
3,0.0029914379119873047
7,0.02990555763244629
5,0.005968332290649414
13,0.16357779502868652
7,0.012948989868164062
7,0.008994817733764648
9,0.013962507247924805
7,0.013948202133178711
3,0.002975940704345703
5,0.0049703121185302734
7,0.008960723876953125
11,0.12566423416137695
7,0.00797891616821289
5,0.005969524383544922
11,0.14160537719726562
5,0.004971027374267578
13,1.253631353378296
9,0.0797874927520752
3,0.0019800662994384766
9,0.06281757354736328
7,0.01096963882446289
11,0.21143412590026855
7,0.008976221084594727
11,0.12067770957946777
13,0.15658187866210938
5,0.0049855709075927734
11,0.06982827186584473
7,0.006982326507568359
3,0.002009868621826172
7,0.010970592498779297
13,1.6565577983856201
11,0.10272431373596191
5,0.004986763000488281
9,0.024932861328125
9,0.01296544075012207
3,0.002977609634399414
11,0.13462376594543457
11,0.01894831657409668
5,0.0049860477447509766
13,0.13861417770385742
7,0.010955095291137695
5,0.003973722457885742
7,0.02692890167236328
13,10.40517258644104
9,0.017952442169189453
9,0.07779145240783691
5,0.0069811344146728516
7,0.007977962493896484
17,13214.598796367645
7,0.008961200714111328
7,0.008996009826660156
9,0.0748145580291748
9,0.019961118698120117
5,0.0040035247802734375
11,2.084425449371338
7,0.01298069953918457
9,0.09075713157653809
5,0.005984783172607422
11,0.07480049133300781
11,0.0827631950378418
5,0.005983829498291016
7,0.04388236999511719
13,8.961030960083008
13,0.43283939361572266
7,0.006964683532714844
9,0.029920339584350586
7,0.02692890167236328
13,3.948425531387329
5,0.00596928596496582
9,0.013959884643554688
5,0.005983591079711914
5,0.0050013065338134766
5,0.0049860477447509766
15,0.30518388748168945
13,0.3580434322357178
11,0.03889608383178711
11,0.0937492847442627
13,1.7882182598114014
13,0.12865686416625977
13,0.10869407653808594
15,0.13362717628479004
11,0.06879544258117676
9,0.022937774658203125
9,0.050864219665527344
15,2.1981208324432373
7,0.006966590881347656
15,0.4438133239746094
7,0.00698089599609375
9,0.050864219665527344
7,0.007979393005371094
11,0.29221558570861816
9,0.013962984085083008
11,0.047872066497802734
7,0.007981061935424805
5,0.0049860477447509766
3,0.001997709274291992
15,0.46873044967651367
15,0.19449520111083984
7,0.008960247039794922
9,0.013962030410766602
11,0.08776521682739258
3,0.0019948482513427734
3,0.0029942989349365234
9,0.0249178409576416
9,0.3011789321899414
7,0.009957551956176758
13,0.13663625717163086
5,0.00400543212890625
13,3.6272990703582764
7,0.00799417495727539
9,0.01994633674621582
13,0.0578463077545166
7,0.00897526741027832
13,0.20445632934570312
15,3.2373428344726562
9,0.05884218215942383
7,0.007999420166015625
11,0.3151581287384033
3,0.0019936561584472656
9,0.07079458236694336
11,0.03189849853515625
11,0.08675074577331543
5,0.005982875823974609
1,0.0
5,0.006981611251831055
5,0.00598454475402832
11,0.6353166103363037
7,0.007978439331054688
7,0.012979745864868164
13,0.2682981491088867
1,0.0
9,0.010986089706420898
9,0.15558409690856934
5,0.003972768783569336
9,0.01993107795715332
3,0.002991199493408203
11,0.04489541053771973
7,0.01597285270690918
7,0.0069963932037353516
9,0.021942615509033203
9,0.019962549209594727
9,0.266308069229126
15,0.07081079483032227
19,4.351346969604492
7,0.008975982666015625
11,0.09871983528137207
5,0.00496983528137207
9,0.030901432037353516
7,0.0069658756256103516
3,0.001994609832763672
13,0.4537665843963623
7,0.012964725494384766
9,0.014945507049560547
1,0.0
11,0.15058255195617676
3,0.0019953250885009766
3,0.0019953250885009766
9,0.40192532539367676
15,0.6592211723327637
11,0.023936748504638672
7,0.006965160369873047
7,0.011986017227172852
7,0.006996631622314453
13,0.13665032386779785
5,0.0050029754638671875
7,0.009989023208618164
13,0.4497969150543213
13,0.3041706085205078
15,14.993900537490845
5,0.005001068115234375
5,0.005002498626708984
3,0.0020110607147216797
9,0.013977766036987305
9,0.0219573974609375
13,6.355005264282227
3,0.0029778480529785156
7,0.00796365737915039
13,0.34705615043640137
7,0.012949943542480469
5,0.004970550537109375
5,0.005967855453491211
5,0.005968570709228516
5,0.0039730072021484375
9,0.010953664779663086
13,0.2892270088195801
3,0.0019943714141845703
15,0.42087554931640625
5,0.004006385803222656
7,0.029923439025878906
13,0.20744562149047852
5,0.004979372024536133
9,0.07380199432373047
5,0.004985809326171875
11,0.26927971839904785
15,20.616862058639526
9,0.0229341983795166
7,0.011967897415161133
5,0.0059833526611328125
13,0.43784475326538086
17,1.3334171772003174
9,0.020927906036376953
7,0.01295781135559082
15,1.2925429344177246
5,0.0069828033447265625
7,0.026927947998046875
11,0.08975982666015625
9,0.07080888748168945
5,0.003985404968261719
13,0.18450927734375
5,0.004987239837646484
19,2.0415403842926025
11,0.09375238418579102
13,0.08078265190124512
7,0.0069959163665771484
7,0.00897526741027832
13,1.277583122253418
9,0.09275460243225098
3,0.0019948482513427734
3,0.0019788742065429688
9,0.05882692337036133
7,0.010955572128295898
11,0.06680560111999512
11,0.8916153907775879
13,0.1685326099395752
7,0.01195216178894043
5,0.003973722457885742
11,0.026912212371826172
9,0.020943880081176758
3,0.0019943714141845703
7,0.00698089599609375
5,0.004986763000488281
11,0.1825118064880371
11,0.05284285545349121
7,0.02792501449584961
9,0.02293848991394043
5,0.00498652458190918
15,0.45179224014282227
7,0.013962268829345703
13,0.0827932357788086
7,0.007977962493896484
15,21.68401074409485
13,0.14562606811523438
5,0.00498652458190918
5,0.003989219665527344
13,0.3181493282318115
7,0.007979154586791992
9,0.050864219665527344
5,0.00498652458190918
15,25.68329668045044
9,0.019947290420532227
13,0.7100841999053955
9,0.010967254638671875
19,212.92355632781982
9,0.010987043380737305
15,24.592230319976807
7,0.01497507095336914
9,0.047870635986328125
7,0.012963294982910156
9,0.013962984085083008
7,0.011968374252319336
9,0.03490614891052246
7,0.02991485595703125
7,0.00897669792175293
13,0.028922557830810547
13,0.11170220375061035
3,0.001994609832763672
7,0.026946544647216797
1,0.0009815692901611328
7,0.015956401824951172
9,0.013962745666503906
13,1.9238548278808594
5,0.004986286163330078
7,0.008976459503173828
9,0.049866676330566406
7,0.0109710693359375
11,2.517263412475586
15,2.863342046737671
9,0.02293848991394043
13,0.306196928024292
9,0.010953903198242188
7,0.009957075119018555
1,0.0009818077087402344
3,0.002975940704345703
11,0.07578110694885254
9,0.015941858291625977
7,0.011952877044677734
11,0.04290056228637695
9,0.011983633041381836
9,0.11170101165771484
11,0.039873600006103516
5,0.004971027374267578
3,0.0019788742065429688
7,0.006964445114135742
9,0.03392457962036133
5,0.00599980354309082
11,0.06682181358337402
11,0.3999295234680176
9,0.2712745666503906
9,0.26628637313842773
5,0.005984067916870117
9,0.018952608108520508
5,0.0049860477447509766
7,0.00897669792175293
7,0.012964725494384766
11,0.05086350440979004
3,0.001994609832763672
13,0.14858174324035645
7,0.006981372833251953
13,0.40790557861328125
13,0.7629599571228027
7,0.02992081642150879
7,0.008976459503173828
13,0.024937152862548828
7,0.009974241256713867
9,0.036900997161865234
7,0.012965917587280273
13,0.5136260986328125
11,0.026927471160888672
13,0.11668801307678223
7,0.006981611251831055
3,0.0029914379119873047
19,0.682175874710083
5,0.00498652458190918
11,0.30219244956970215
3,0.001995086669921875
13,0.13763117790222168
11,0.08676600456237793
17,4.2925193309783936
3,0.001997232437133789
9,0.011967897415161133
9,0.012964725494384766
7,0.010970830917358398
9,0.08477425575256348
13,0.14859676361083984
7,0.0069811344146728516
3,0.002991914749145508
15,0.1356372833251953
3,0.001994609832763672
5,0.005980014801025391
7,0.007978200912475586
5,0.004986286163330078
11,0.020943641662597656
11,0.12765836715698242
9,0.07977104187011719
5,0.004986286163330078
5,0.00498652458190918
13,6.30814528465271
5,0.004986763000488281
1,0.000982522964477539
5,0.005999088287353516
7,0.029918670654296875
15,0.1516101360321045
9,0.01695537567138672
11,0.015956640243530273
11,0.08377599716186523
9,0.012964725494384766
11,0.018950223922729492
7,0.0069811344146728516
9,0.012969970703125
11,0.37200474739074707
11,0.912543773651123
13,0.09873604774475098
11,0.030918359756469727
17,0.7978429794311523
9,0.05584573745727539
3,0.0029914379119873047
7,0.02892160415649414
5,0.005002737045288086
11,0.02794170379638672
7,0.00799417495727539
7,0.006997823715209961
9,0.012982606887817383
7,0.012983083724975586
15,17.717616081237793
13,0.16354799270629883
11,0.18849635124206543
13,2.5242486000061035
3,0.0029754638671875
7,0.009955644607543945
11,0.02391672134399414
9,0.2712595462799072
7,0.02992105484008789
11,0.15656709671020508
9,0.014960527420043945
11,0.1077125072479248
9,0.012965679168701172
9,0.09175491333007812
9,0.012966156005859375
11,0.07779240608215332
9,0.012965679168701172
3,0.001995086669921875
11,0.07880425453186035
11,0.10370612144470215
15,0.7140722274780273
7,0.007994890213012695
7,0.007997751235961914
7,0.008993387222290039
13,0.14762139320373535
7,0.013962984085083008
7,0.011983871459960938
7,0.007994890213012695
15,68.02508902549744
7,0.008993387222290039
5,0.005002260208129883
5,0.004004955291748047
11,0.03990888595581055
5,0.005002737045288086
5,0.0040056705474853516
7,0.010986089706420898
13,0.3141605854034424
13,0.058827877044677734
11,0.01894974708557129
7,0.010985136032104492
9,0.03091907501220703
11,0.04986715316772461
5,0.00498652458190918
5,0.005969524383544922
11,2.6429314613342285
1,0.000997781753540039
7,0.008975744247436523
1,0.000997781753540039
3,0.003007650375366211
9,0.018966197967529297
9,0.07082676887512207
7,0.009989023208618164
5,0.0049860477447509766
9,0.07878899574279785
11,0.061818838119506836
9,0.049866676330566406
3,0.002992391586303711
5,0.00597381591796875
9,0.013978958129882812
7,0.008976221084594727
7,0.029903173446655273
7,0.009992122650146484
11,0.09874987602233887
11,0.059839725494384766
11,0.019945859909057617
9,0.013962745666503906
13,0.13163304328918457
7,0.006981372833251953
9,0.010970592498779297
5,0.006980180740356445
3,0.0029916763305664062
11,0.2712893486022949
15,0.1186981201171875
9,0.013963460922241211
11,0.023933887481689453
9,0.011967658996582031
7,0.016954660415649414
13,0.3450784683227539
11,0.06981277465820312
7,0.008959770202636719
5,0.004970550537109375
1,0.0
13,0.17054343223571777
7,0.006981849670410156
3,0.0019910335540771484
7,0.029920339584350586
9,0.026929378509521484
13,0.7998433113098145
9,0.009958028793334961
13,0.29622340202331543
7,0.007995128631591797
3,0.0019943714141845703
11,0.12368392944335938
3,0.0029876232147216797
9,0.06682133674621582
7,0.008976221084594727
3,0.002992391586303711
7,0.008993387222290039
1,0.0
15,0.9614429473876953
11,0.14961576461791992
7,0.00797891616821289
15,0.13862848281860352
11,0.08975911140441895
3,0.003007650375366211
5,0.004985809326171875
7,0.008991479873657227
13,0.11170244216918945
5,0.003991365432739258
11,0.06185007095336914
7,0.007980108261108398
9,0.022954463958740234
13,71.18859672546387
3,0.0029921531677246094
3,0.001994609832763672
9,0.016954421997070312
7,0.015973806381225586
9,0.03191494941711426
9,0.011967897415161133
9,0.011968374252319336
9,0.031914710998535156
9,0.14461350440979004
15,0.7549960613250732
13,10.802127361297607
9,0.26630330085754395
3,0.0019989013671875
5,0.005983591079711914
5,0.003989458084106445
5,0.004987001419067383
13,1.5129525661468506
9,0.035920143127441406
7,0.0069806575775146484
13,0.39893293380737305
9,0.014960527420043945
7,0.013962745666503906
11,3.312126398086548
13,6.0458269119262695
15,617.5614049434662
5,0.0050029754638671875
11,0.10372257232666016
9,0.01196742057800293
5,0.004982948303222656
11,0.08178353309631348
9,0.018947601318359375
17,2.985999822616577
13,27.074591636657715
15,0.686164379119873
9,0.056844234466552734
11,0.0937345027923584
9,0.010970592498779297
9,0.013978004455566406
11,0.1077280044555664
11,0.03490614891052246
13,0.2104330062866211
9,0.01495981216430664
7,0.012964963912963867
17,225.56971383094788
5,0.005002737045288086
11,0.04787158966064453
5,0.0050013065338134766
5,0.00498652458190918
5,0.004981517791748047
13,0.16158294677734375
5,0.004982471466064453
11,0.06981372833251953
11,0.12067651748657227
13,0.3730027675628662
7,0.007983207702636719
7,0.02692270278930664
11,0.024931669235229492
7,0.011968135833740234
11,0.048868417739868164
9,0.027925491333007812
7,0.011952638626098633
9,0.017947912216186523
7,0.009974479675292969
13,0.7998611927032471
9,0.07880449295043945
11,0.08977890014648438
13,0.03889608383178711
9,0.014974832534790039
3,0.0019953250885009766
11,0.06482648849487305
5,0.005984067916870117
5,0.0049893856048583984
7,0.00797891616821289
7,0.00797581672668457
3,0.0019953250885009766
9,0.029917001724243164
5,0.0049855709075927734
15,0.5744643211364746
11,0.01994633674621582
7,0.012964725494384766
7,0.007993221282958984
19,408.54935669898987
5,0.005002021789550781
9,0.054852962493896484
9,0.023936033248901367
5,0.004987239837646484
15,0.31015491485595703
7,0.013977527618408203
5,0.003973722457885742
5,0.005979776382446289
5,0.006001472473144531
7,0.00797891616821289
11,0.03291153907775879
7,0.00797891616821289
7,0.012965679168701172
9,0.03091716766357422
7,0.008974075317382812
13,0.11766886711120605
11,0.1186974048614502
3,0.0019941329956054688
7,0.007977962493896484
9,0.07879376411437988
7,0.028922080993652344
3,0.0019953250885009766
15,4.75626277923584
5,0.004984855651855469
11,2.851358413696289
11,0.15358924865722656
15,0.3011941909790039
9,0.012966156005859375
11,0.10671424865722656
5,0.004986286163330078
17,9.337028741836548
13,1.394270420074463
5,0.005001068115234375
11,0.10172748565673828
1,0.0009965896606445312
11,0.21043729782104492
11,0.7190630435943604
17,4.845041275024414
13,0.12865519523620605
3,0.001994609832763672
1,0.0009827613830566406
7,0.008974552154541016
7,0.013962984085083008
7,0.010970830917358398
7,0.007979393005371094
9,0.011968135833740234
9,0.4009437561035156
7,0.006982326507568359
5,0.00498652458190918
7,0.010972023010253906
13,0.6143569946289062
7,0.010970830917358398
13,0.4687471389770508
5,0.005984067916870117
11,0.015956640243530273
7,0.007993936538696289
1,0.0
7,0.007987499237060547
5,0.004007101058959961
7,0.02892303466796875
7,0.007978439331054688
9,0.3041868209838867
9,0.016954421997070312
11,0.12466263771057129
5,0.005983591079711914
11,0.03390955924987793
7,0.010955095291137695
9,0.010970115661621094
5,0.004987478256225586
5,0.005984783172607422
15,0.37201833724975586
13,0.07679414749145508
9,0.011968374252319336
9,0.0688161849975586
9,0.011967897415161133
11,0.04886507987976074
15,2.52225399017334
7,0.006997346878051758
11,0.04787182807922363
3,0.002000570297241211
5,0.005986213684082031
11,0.09375238418579102
5,0.004986763000488281
9,0.05486774444580078
11,0.10372281074523926
9,0.012965917587280273
11,0.03987693786621094
7,0.007978439331054688
7,0.0069806575775146484
5,0.003988981246948242
15,1.9767138957977295
9,0.014974594116210938
11,0.0359036922454834
5,0.005001068115234375
7,0.011967897415161133
11,0.03291583061218262
9,0.016957998275756836
9,0.034906625747680664
5,0.005969524383544922
15,1.6625382900238037
7,0.00796365737915039
3,0.0019941329956054688
5,0.004972219467163086
5,0.0049724578857421875
7,0.012949466705322266
11,0.016939878463745117
13,0.11070370674133301
13,1.2157480716705322
9,0.012980937957763672
9,0.020943641662597656
3,0.0029921531677246094
11,0.7250621318817139
7,0.028937578201293945
7,0.006985187530517578
9,0.010970830917358398
3,0.0019936561584472656
7,0.007978677749633789
7,0.00797891616821289
11,0.03989243507385254
11,0.071807861328125
11,0.06582450866699219
9,0.016954898834228516
7,0.008960723876953125
15,3.0877418518066406
9,0.05086350440979004
11,0.015958070755004883
7,0.010970354080200195
7,0.008977413177490234
9,0.0219573974609375
9,0.034906625747680664
11,0.09175562858581543
13,0.5226025581359863
5,0.005984067916870117
11,0.11968040466308594
5,0.005983591079711914
13,0.20046424865722656
7,0.01397848129272461
11,0.01894998550415039
9,0.06682133674621582
13,3.1575400829315186
7,0.0069811344146728516
9,0.3011941909790039
3,0.0019958019256591797
7,0.007978439331054688
5,0.005983829498291016
7,0.00997304916381836
9,0.029932737350463867
7,0.00698089599609375
15,0.5275945663452148
5,0.004983186721801758
7,0.006978034973144531
11,1.9966440200805664
9,0.0608367919921875
11,0.7420158386230469
7,0.007978677749633789
5,0.004990816116333008
7,0.007993936538696289
11,0.02293848991394043
15,0.36302852630615234
7,0.009974002838134766
7,0.009975671768188477
15,0.6422643661499023
7,0.012965202331542969
9,0.017935991287231445
11,0.09473085403442383
11,0.17355084419250488
11,0.02792525291442871
5,0.00500178337097168
11,0.04785633087158203
5,0.004004240036010742
15,0.35204219818115234
9,0.012965202331542969
9,0.010967493057250977
7,0.007978439331054688
5,0.004988431930541992
5,0.004986763000488281
11,0.2792532444000244
5,0.003973960876464844
11,0.04787182807922363
13,0.25830936431884766
13,0.15856075286865234
11,0.01896357536315918
11,0.016954421997070312
9,0.033891916275024414
9,0.013945579528808594
13,21.53042507171631
5,0.005983591079711914
7,0.00896143913269043
9,0.07878994941711426
13,9.990274429321289
5,0.0040056705474853516
5,0.004986763000488281
7,0.008977413177490234
9,0.07779216766357422
5,0.005988597869873047
5,0.0069811344146728516
7,0.01296544075012207
7,0.009973764419555664
7,0.01396322250366211
17,13.394163608551025
13,0.10272693634033203
9,0.010970830917358398
7,0.009957313537597656
11,0.0937643051147461
9,0.2712745666503906
11,0.021939992904663086
5,0.004987478256225586
9,0.023936748504638672
5,0.004970550537109375
5,0.005968570709228516
9,0.012960195541381836
17,5.308804750442505
11,0.785897970199585
5,0.004987239837646484
7,0.00896000862121582
13,0.6243290901184082
11,0.1934797763824463
5,0.004988908767700195
1,0.000982046127319336
9,0.017956256866455078
9,0.009972810745239258
11,0.05784273147583008
3,0.0029909610748291016
9,0.013959884643554688
7,0.007977962493896484
9,0.303189754486084
7,0.00799250602722168
13,0.3779885768890381
3,0.00199127197265625
11,0.09375429153442383
9,0.011969327926635742
11,0.0987396240234375
15,1.441145658493042
7,0.009957551956176758
7,0.013962745666503906
5,0.005980014801025391
9,0.029919862747192383
13,0.9654173851013184
9,0.050847530364990234
5,0.005002021789550781
11,0.176527738571167
5,0.0049707889556884766
5,0.0049707889556884766
13,1.6236751079559326
7,0.012981891632080078
9,0.017968177795410156
9,0.028922319412231445
7,0.012981176376342773
15,0.3670337200164795
9,0.012981176376342773
15,4.849047422409058
5,0.005984783172607422
7,0.012980461120605469
11,0.24434638023376465
5,0.004986763000488281
7,0.026912212371826172
13,0.3919515609741211
5,0.003988981246948242
21,194.91870760917664
7,0.007979154586791992
9,0.029935598373413086
9,0.02893829345703125
9,0.01697063446044922
13,0.05486917495727539
11,0.05287456512451172
11,0.11469316482543945
7,0.02990436553955078
5,0.005983829498291016
13,0.40691089630126953
5,0.004985809326171875
1,0.0
15,0.21444177627563477
1,0.0
7,0.008977174758911133
13,0.052858829498291016
11,0.13665080070495605
13,0.18452215194702148
5,0.005002498626708984
7,0.012984037399291992
11,0.03093266487121582
9,0.049881696701049805
9,0.06583952903747559
5,0.004998207092285156
3,0.0030074119567871094
9,0.04986691474914551
1,0.0
13,0.027909517288208008
7,0.007962942123413086
11,0.06680512428283691
13,0.10871028900146484
13,1.9358084201812744
9,0.04288506507873535
7,0.029918432235717773
3,0.0029916763305664062
5,0.0050013065338134766
13,0.09474658966064453
7,0.007978439331054688
15,25.948588371276855
9,0.03389477729797363
7,0.007963895797729492
13,0.0937340259552002
13,0.10172796249389648
7,0.010971307754516602
9,0.021941661834716797
11,2.3227884769439697
5,0.005002021789550781
11,0.0748138427734375
9,0.03191494941711426
9,0.010971307754516602
13,0.19845366477966309
5,0.004985809326171875
15,0.17750930786132812
3,0.0029916763305664062
9,0.011968135833740234
9,0.043883323669433594
5,0.004985809326171875
7,0.010970592498779297
5,0.00399017333984375
5,0.005001544952392578
11,0.0827932357788086
7,0.006995677947998047
11,0.01996135711669922
9,0.012979745864868164
9,0.013976812362670898
9,0.08478903770446777
11,0.03791308403015137
7,0.012979507446289062
7,0.009973287582397461
9,0.0329279899597168
15,0.5076432228088379
7,0.029904603958129883
9,0.030901670455932617
13,0.0358884334564209
15,0.4468050003051758
5,0.005969524383544922
11,1.0900893211364746
11,0.13662004470825195
5,0.004971742630004883
5,0.004971742630004883
3,0.002977132797241211
11,0.053841590881347656
7,0.026928186416625977
9,0.07480049133300781
11,0.13663530349731445
5,0.004986763000488281
7,0.007979393005371094
11,0.024933576583862305
9,0.023937225341796875
5,0.005984783172607422
7,0.008974790573120117
9,0.021941423416137695
9,0.015972137451171875
9,0.0249178409576416
3,0.001979827880859375
3,0.0029773712158203125
9,0.06682133674621582
7,0.007963895797729492
9,0.01595759391784668
7,0.007993221282958984
11,0.7619619369506836
5,0.004972219467163086
13,12.178415536880493
7,0.007963180541992188
5,0.00397491455078125
11,3.1944403648376465
13,0.11168646812438965
7,0.007963895797729492
3,0.0029773712158203125
7,0.013948202133178711
5,0.0040051937103271484
5,0.006996631622314453
9,0.022954225540161133
9,0.30819129943847656
9,0.022954463958740234
17,10.884905576705933
1,0.0
1,0.0
7,0.009989261627197266
13,3.746994733810425
5,0.004972219467163086
11,0.02792501449584961
17,24.932320833206177
13,0.3121647834777832
9,0.010986566543579102
7,0.0069963932037353516
5,0.005002737045288086
7,0.012981414794921875
9,0.018964767456054688
11,0.7480006217956543
7,0.006997108459472656
1,0.0
7,0.009954452514648438
7,0.012950658798217773
1,0.0009829998016357422
5,0.0059697628021240234
9,0.30217647552490234
11,0.06382966041564941
15,0.8048484325408936
9,0.01495981216430664
11,0.0937650203704834
9,0.013978004455566406
13,0.09774279594421387
15,0.2732539176940918
5,0.004971742630004883
11,0.08675336837768555
3,0.001994609832763672
15,2.8793158531188965
5,0.004004240036010742
9,0.036901235580444336
5,0.004987955093383789
17,20.824292421340942
3,0.002986431121826172
5,0.00498652458190918
5,0.004982471466064453
13,1.572793960571289
7,0.00797891616821289
9,0.02593088150024414
5,0.005984306335449219
5,0.006981849670410156
9,0.016953706741333008
7,0.009973526000976562
7,0.007993221282958984
9,0.05585050582885742
9,0.01096796989440918
11,0.09873604774475098
7,0.02693033218383789
11,0.5924155712127686
7,0.007978439331054688
11,0.03290843963623047
9,0.0109710693359375
11,0.8237969875335693
9,0.010970354080200195
7,0.026927947998046875
13,0.9185588359832764
11,0.7839038372039795
9,0.3011946678161621
9,0.07579755783081055
3,0.0019922256469726562
13,2.951092481613159
3,0.001977682113647461
9,0.016955137252807617
11,0.0578463077545166
7,0.007977485656738281
11,0.3969383239746094
7,0.011967897415161133
5,0.004986286163330078
5,0.003988742828369141
3,0.0019981861114501953
7,0.010983943939208984
5,0.005986452102661133
7,0.008975982666015625
13,0.13662028312683105
7,0.007964372634887695
7,0.009958505630493164
7,0.01394796371459961
5,0.004971981048583984
7,0.010956048965454102
11,0.046860456466674805
5,0.004971742630004883
5,0.004971742630004883
5,0.004971981048583984
7,0.007962942123413086
9,0.012947559356689453
11,0.20247340202331543
9,0.019947052001953125
7,0.00797891616821289
3,0.0019941329956054688
5,0.003987312316894531
7,0.026928186416625977
9,0.010965347290039062
11,0.09574413299560547
5,0.005981922149658203
7,0.010971546173095703
9,0.013962984085083008
9,0.026927947998046875
11,0.7250607013702393
5,0.005969047546386719
15,1.1848151683807373
11,0.02792525291442871
7,0.012964963912963867
3,0.0029914379119873047
5,0.004986286163330078
9,0.05385589599609375
5,0.003992557525634766
9,0.014960527420043945
11,0.7958559989929199
9,0.017952680587768555
7,0.008975505828857422
7,0.007973909378051758
13,0.1096949577331543
13,0.12664270401000977
9,0.013962507247924805
13,0.03390908241271973
9,0.011965036392211914
7,0.007978200912475586
13,1.2047767639160156
13,0.41289567947387695
9,0.014961719512939453
11,0.08377575874328613
13,0.022943973541259766
7,0.009973764419555664
13,0.32413339614868164
7,0.010971546173095703
9,0.011953592300415039
11,0.0189511775970459
9,0.011968612670898438
9,0.028922557830810547
5,0.0049855709075927734
7,0.007977724075317383
5,0.005969047546386719
13,0.040891170501708984
5,0.00496673583984375
5,0.004971504211425781
9,0.017952680587768555
9,0.03688621520996094
11,0.03989291191101074
9,0.055850982666015625
7,0.011968135833740234
9,0.07878923416137695
9,0.011968851089477539
3,0.001995086669921875
17,0.5804634094238281
11,0.14858531951904297
13,0.544543981552124
9,0.019962072372436523
1,0.0009982585906982422
19,34.65234112739563
11,0.0937645435333252
7,0.00899195671081543
11,0.03691720962524414
9,0.057845115661621094
3,0.002992391586303711
7,0.027941465377807617
9,0.01697063446044922
11,1.753326654434204
11,0.023937225341796875
5,0.005002498626708984
7,0.006996631622314453
5,0.004004478454589844
7,0.009989500045776367
15,1.5149636268615723
7,0.008991479873657227
11,0.14961528778076172
5,0.006997346878051758
7,0.0069963932037353516
5,0.00500178337097168
9,0.024948596954345703
9,0.012981176376342773
19,1646.8596251010895
7,0.007994413375854492
3,0.003008127212524414
3,0.002009868621826172
13,0.11371159553527832
3,0.0020112991333007812
3,0.0030074119567871094
5,0.00500178337097168
5,0.005002498626708984
17,0.19649028778076172
15,3.00995135307312
5,0.005969524383544922
9,0.04288506507873535
7,0.00897669792175293
5,0.004986763000488281
11,0.6931471824645996
11,0.8058302402496338
5,0.004971981048583984
11,0.6971213817596436
9,0.04787135124206543
5,0.005002737045288086
7,0.007994890213012695
13,0.14762043952941895
15,1.0611777305603027
3,0.002009153366088867
7,0.008991479873657227
5,0.0040051937103271484
15,19.63847827911377
7,0.012964963912963867
11,0.09077310562133789
9,0.010985136032104492
9,0.13663554191589355
11,0.03788399696350098
11,0.09074139595031738
15,12.044788360595703
3,0.0029773712158203125
9,0.07378792762756348
13,0.17852330207824707
11,0.4547848701477051
17,1.7493221759796143
11,0.10970616340637207
15,2.849379777908325
11,0.016955137252807617
1,0.0
11,4.810119390487671
5,0.0039751529693603516
5,0.0049724578857421875
11,0.02691340446472168
5,0.004971742630004883
9,0.01295018196105957
9,0.07478523254394531
5,0.005982875823974609
7,0.00897669792175293
13,2.2519779205322266
9,0.26429271697998047
11,1.8590474128723145
7,0.010986328125
9,0.02292466163635254
9,0.2702767848968506
7,0.013948440551757812
7,0.026928186416625977
9,0.013948202133178711
17,27.13243532180786
11,0.06979846954345703
5,0.004971742630004883
13,0.1296389102935791
19,60.01150417327881
11,1.4740564823150635
5,0.0049707889556884766
5,0.004970550537109375
7,0.010986328125
11,0.03390908241271973
7,0.007962942123413086
13,0.11068892478942871
7,0.02790522575378418
1,0.0
11,0.04985165596008301
5,0.00596928596496582
9,0.02493453025817871
3,0.0019805431365966797
7,0.012950420379638672
7,0.007978677749633789
9,0.028922080993652344
7,0.008995294570922852
11,0.05187726020812988
9,0.013977527618408203
9,0.027940750122070312
7,0.010955333709716797
7,0.007963180541992188
9,0.05583548545837402
7,0.008972883224487305
5,0.005986452102661133
11,0.1076974868774414
13,0.3370988368988037
11,0.6941440105438232
13,0.18548846244812012
3,0.002992391586303711
7,0.009974002838134766
11,0.05187702178955078
11,0.08676886558532715
3,0.0029723644256591797
3,0.0019800662994384766
13,1.182835578918457
5,0.004971981048583984
7,0.009958505630493164
15,0.39592432975769043
9,0.05683279037475586
3,0.0019943714141845703
15,0.4118978977203369
15,1.6186561584472656
3,0.002977609634399414
5,0.004972219467163086
5,0.005968809127807617
15,10.122912883758545
3,0.0020132064819335938
13,5.304812431335449
7,0.007960319519042969
3,0.002976655960083008
7,0.009958744049072266
9,0.01196742057800293
5,0.004971742630004883
11,0.027910232543945312
9,0.034888505935668945
7,0.009973764419555664
11,0.06582331657409668
9,0.02094435691833496
9,0.019946813583374023
5,0.004987001419067383
9,0.23237824440002441
7,0.010970115661621094
7,0.007979154586791992
11,0.03791379928588867
5,0.0059680938720703125
5,0.004972219467163086
9,0.07179117202758789
3,0.001980304718017578
5,0.004971981048583984
13,0.6312966346740723
5,0.0049860477447509766
13,0.1296384334564209
9,0.05186200141906738
9,0.132645845413208
7,0.031914710998535156
7,0.006981372833251953
11,0.12865591049194336
9,0.01795196533203125
9,0.014960289001464844
5,0.004986763000488281
13,0.1296534538269043
11,0.015957355499267578
13,0.482708215713501
1,0.0009827613830566406
1,0.0009827613830566406
13,1.302501916885376
11,0.24434685707092285
11,0.032912492752075195
7,0.007979631423950195
11,0.02692866325378418
13,0.8128261566162109
13,0.025929927825927734
9,0.015957355499267578
5,0.010985612869262695
9,0.021955490112304688
9,0.019961833953857422
7,0.02893829345703125
9,0.012977361679077148
9,0.017966747283935547
7,0.007992744445800781
11,0.05086231231689453
5,0.005968332290649414
11,0.027925491333007812
11,0.016968250274658203
15,14.734593391418457
11,1.7483396530151367
11,0.10972094535827637
7,0.01597118377685547
3,0.0020101070404052734
11,0.14163565635681152
1,0.0
9,0.01296377182006836
11,0.10071492195129395
9,0.0857551097869873
9,0.009973764419555664
15,2.5392091274261475
5,0.004989147186279297
1,0.0010111331939697266
9,0.012979507446289062
9,0.2044522762298584
7,0.009974002838134766
15,8.07739782333374
13,0.1326441764831543
3,0.0019927024841308594
13,0.583439826965332
15,10.717337369918823
15,0.25829315185546875
13,0.10969185829162598
9,0.05086326599121094
5,0.00498652458190918
3,0.0039899349212646484
5,0.005983114242553711
13,0.2652914524078369
7,0.008961200714111328
13,0.13961195945739746
11,0.1406090259552002
9,0.2672853469848633
11,0.019946575164794922
7,0.00797891616821289
11,0.019946575164794922
9,0.01994633674621582
11,0.4039034843444824
3,0.001995086669921875
5,0.00498652458190918
5,0.0049860477447509766
11,0.029935836791992188
13,0.13763165473937988
17,2.4135453701019287
13,4.477010488510132
11,0.08675169944763184
9,0.04988241195678711
15,5.050477981567383
15,0.5525221824645996
5,0.004983186721801758
9,0.054852962493896484
9,0.2343733310699463
7,0.007978677749633789
9,0.05684924125671387
7,0.012964487075805664
5,0.005983591079711914
9,0.042885541915893555
5,0.0049860477447509766
9,0.02094411849975586
11,0.07081079483032227
7,0.007993936538696289
5,0.0059680938720703125
7,0.007978439331054688
5,0.005985260009765625
9,0.05285906791687012
9,0.017955541610717773
7,0.010970592498779297
11,0.9055783748626709
7,0.006981611251831055
11,0.0488739013671875
3,0.001994609832763672
9,0.10970664024353027
9,0.011967897415161133
11,0.030916929244995117
11,0.11369538307189941
7,0.008975505828857422
9,0.011968135833740234
5,0.005984306335449219
11,0.025929689407348633
15,2.682809591293335
7,0.01593947410583496
9,0.03091740608215332
3,0.0019948482513427734
9,0.026927471160888672
5,0.004986763000488281
7,0.006981611251831055
11,0.02792954444885254
9,0.07978534698486328
7,0.008975744247436523
9,0.027910470962524414
7,0.008975744247436523
9,0.11866617202758789
7,0.009973287582397461
3,0.00199127197265625
11,0.09574460983276367
7,0.012964725494384766
7,0.00797891616821289
11,0.04487895965576172
9,0.029920101165771484
7,0.0069811344146728516
11,0.02592945098876953
13,33.733781576156616
7,0.007978677749633789
3,0.0019936561584472656
15,0.5944099426269531
7,0.00897669792175293
9,0.06682133674621582
9,0.03590512275695801
7,0.02792835235595703
17,40.5724778175354
7,0.027940034866333008
5,0.003989696502685547
1,0.000997304916381836
5,0.0039844512939453125
9,0.2702763080596924
11,0.38297605514526367
15,0.4089066982269287
9,0.014943838119506836
11,0.08974385261535645
7,0.008974552154541016
11,0.05184483528137207
9,0.013962745666503906
5,0.004986763000488281
7,0.013962268829345703
11,0.05283975601196289
15,0.7280535697937012
5,0.0059871673583984375
7,0.010954618453979492
5,0.00696563720703125
7,0.008976459503173828
11,0.17451810836791992
5,0.004971981048583984
1,0.0009827613830566406
9,0.26628780364990234
11,0.03889584541320801
13,0.09875106811523438
5,0.004986763000488281
7,0.009973526000976562
7,0.007978677749633789
11,0.04886889457702637
17,1.5737862586975098
3,0.0029916763305664062
13,0.12767362594604492
9,0.051860809326171875
3,0.001995563507080078
9,0.05485248565673828
9,0.01396322250366211
13,0.2822458744049072
13,0.1296536922454834
5,0.0059850215911865234
13,0.1685497760772705
3,0.0029916763305664062
9,0.022937774658203125
1,0.000982522964477539
11,0.20545077323913574
13,0.3889439105987549
7,0.011967658996582031
11,0.01893448829650879
9,0.2603037357330322
9,0.013978004455566406
11,0.04886960983276367
9,0.3031888008117676
11,0.020927906036376953
7,0.009973287582397461
7,0.008975744247436523
11,0.10372281074523926
9,0.3999307155609131
7,0.008976221084594727
7,0.009973526000976562
1,0.0
11,0.1765279769897461
13,0.0219419002532959
3,0.0019948482513427734
9,0.012980461120605469
15,0.5285868644714355
5,0.004986286163330078
11,0.04787158966064453
9,0.024933576583862305
13,3.4058749675750732
9,0.40092897415161133
13,1.8989052772521973
9,0.034906864166259766
11,0.7739129066467285
11,0.21243643760681152
9,0.0359039306640625
11,3.313121795654297
15,0.6732001304626465
7,0.010970592498779297
9,0.050864219665527344
7,0.007978439331054688
9,0.01595759391784668
9,0.04388308525085449
9,0.011966943740844727
9,0.3011941909790039
3,0.0019943714141845703
5,0.004986763000488281
7,0.007979154586791992
11,0.06283164024353027
3,0.001995086669921875
11,0.1765272617340088
7,0.008976221084594727
9,0.011965274810791016
5,0.005002498626708984
11,0.033908843994140625
7,0.009973526000976562
9,0.023935317993164062
13,15.47960090637207
5,0.004982709884643555
7,0.010970592498779297
7,0.006981849670410156
7,0.013961553573608398
11,0.03590726852416992
9,0.01695561408996582
7,0.02692866325378418
11,0.2902395725250244
9,0.012965202331542969
9,0.02295398712158203
5,0.004987001419067383
11,0.07679486274719238
13,0.040892839431762695
5,0.004986763000488281
1,0.000995635986328125
5,0.003988981246948242
11,0.01795220375061035
13,2.216057300567627
7,0.007957696914672852
11,0.7170822620391846
7,0.00696563720703125
9,0.012949228286743164
7,0.028922557830810547
5,0.005002737045288086
3,0.002010822296142578
7,0.02893805503845215
5,0.005002737045288086
13,1.9816999435424805
3,0.0019783973693847656
5,0.004971027374267578
7,0.029935836791992188
13,0.5555305480957031
13,0.14561104774475098
11,0.09376406669616699
7,0.026943206787109375
5,0.004004716873168945
13,0.10174322128295898
11,0.01597285270690918
15,0.10270881652832031
13,0.5704588890075684
5,0.005002260208129883
11,0.014960050582885742
7,0.009957313537597656
7,0.00899195671081543
5,0.0060002803802490234
9,0.02893805503845215
15,5.931138753890991
11,0.028922319412231445
9,0.07380223274230957
7,0.007998466491699219
9,0.018949031829833984
9,0.07878875732421875
9,0.013962745666503906
15,2.5212411880493164
11,0.015938758850097656
11,0.13761615753173828
13,0.5405547618865967
13,1.0202562808990479
5,0.004971981048583984
5,0.00497126579284668
9,0.04886913299560547
13,0.36603736877441406
5,0.0049855709075927734
7,0.007994651794433594
7,0.009989023208618164
3,0.0029926300048828125
7,0.0109710693359375
9,0.012943744659423828
11,0.023920297622680664
7,0.018949031829833984
9,0.034921884536743164
5,0.005001544952392578
13,0.06185007095336914
11,0.032927513122558594
13,0.16357874870300293
7,0.008991718292236328
11,0.032927751541137695
7,0.008991479873657227
5,0.0060002803802490234
5,0.0050046443939208984
15,16.8579158782959
13,0.17851948738098145
3,0.0030078887939453125
7,0.028940677642822266
11,0.03091740608215332
7,0.007978439331054688
13,0.07779192924499512
15,0.1905057430267334
7,0.011967897415161133
1,0.0009968280792236328
9,0.015956878662109375
13,2.535219669342041
13,0.20546555519104004
9,0.0498807430267334
11,0.13563752174377441
7,0.007978439331054688
13,3.3460512161254883
7,0.0069959163665771484
3,0.0029935836791992188
7,0.010969877243041992
5,0.004982948303222656
1,0.0
5,0.006966829299926758
9,0.02393627166748047
5,0.00497126579284668
5,0.004972219467163086
9,0.03688693046569824
5,0.004972219467163086
7,0.007964134216308594
15,22.1457736492157
15,0.15157866477966309
9,0.06082034111022949
9,0.0688016414642334
5,0.004971981048583984
5,0.004986763000488281
7,0.026912212371826172
5,0.004987001419067383
9,0.058827877044677734
11,0.09572911262512207
3,0.002992391586303711
15,14.491259574890137
11,0.04090595245361328
9,0.026927709579467773
11,0.1376349925994873
5,0.0049839019775390625
9,0.013962507247924805
11,2.8792998790740967
9,0.04488039016723633
3,0.001996278762817383
9,0.013962268829345703
7,0.010970592498779297
7,0.012965917587280273
7,0.007973432540893555
9,0.010970115661621094
5,0.005983591079711914
11,0.09572911262512207
3,0.0020093917846679688
7,0.006966590881347656
5,0.004987001419067383
15,0.13164806365966797
5,0.004989147186279297
9,0.05485343933105469
5,0.005984306335449219
5,0.005001068115234375
9,0.07480001449584961
7,0.007977962493896484
9,0.02892303466796875
7,0.007993936538696289
3,0.0029921531677246094
5,0.005983591079711914
15,4.436120271682739
13,0.19150376319885254
11,0.46276187896728516
5,0.003988742828369141
7,0.00798344612121582
9,0.033913373947143555
11,0.05686306953430176
5,0.005984783172607422
3,0.0019943714141845703
9,0.05086112022399902
11,0.07679462432861328
9,0.02692723274230957
9,0.0249330997467041
11,0.04386782646179199
9,0.05486798286437988
5,0.0059871673583984375
11,0.018949508666992188
9,0.013948440551757812
7,0.00699615478515625
3,0.002992391586303711
11,0.10172843933105469
13,1.8370864391326904
11,0.04388260841369629
19,690.8952639102936
3,0.0020105838775634766
5,0.0049860477447509766
11,0.015957355499267578
11,0.18450665473937988
9,0.009989500045776367
9,0.014958858489990234
5,0.00498509407043457
7,0.008975744247436523
7,0.006981372833251953
9,0.011968851089477539
13,0.34308719635009766
9,0.04787254333496094
11,0.7609810829162598
9,0.01198267936706543
5,0.005984067916870117
9,0.012965679168701172
5,0.003987789154052734
7,0.007993936538696289
5,0.005968570709228516
9,0.02992105484008789
11,0.13963103294372559
7,0.04386734962463379
3,0.0029916763305664062
1,0.0
3,0.0029914379119873047
13,2.5900871753692627
3,0.003006458282470703
9,0.0468752384185791
15,0.40689706802368164
9,0.031914472579956055
11,0.015956878662109375
3,0.002995014190673828
3,0.0029909610748291016
13,0.07779097557067871
7,0.009957551956176758
9,0.010956048965454102
15,1.019272804260254
13,0.2403573989868164
11,0.06981420516967773
15,0.21643567085266113
13,0.11870193481445312
11,0.07380366325378418
5,0.0049724578857421875
7,0.006981372833251953
1,0.0
9,0.0109710693359375
5,0.004004240036010742
11,0.11968016624450684
9,0.4009273052215576
7,0.006999492645263672
11,0.15059638023376465
7,0.007977962493896484
7,0.00797581672668457
9,0.2702763080596924
3,0.001979827880859375
7,0.008960485458374023
3,0.0029916763305664062
7,0.007979393005371094
11,0.3620338439941406
13,2.318783760070801
7,0.00997304916381836
9,0.012961626052856445
9,0.016950368881225586
13,0.6662328243255615
9,0.023912668228149414
9,0.051845550537109375
7,0.007962942123413086
11,0.30518126487731934
7,0.008990287780761719
9,0.013962984085083008
13,0.45676279067993164
11,0.13163280487060547
9,0.012950420379638672
11,0.2433328628540039
5,0.0049860477447509766
9,0.05786013603210449
13,0.7210564613342285
11,3.3161473274230957
13,1.3553760051727295
7,0.010971546173095703
7,0.008975982666015625
3,0.0029914379119873047
13,0.22740745544433594
7,0.0069811344146728516
5,0.005987644195556641
5,0.00498652458190918
7,0.008975982666015625
9,0.05784249305725098
5,0.004985809326171875
11,0.634286642074585
5,0.0049703121185302734
13,0.2593066692352295
5,0.005978822708129883
7,0.010962486267089844
7,0.007978677749633789
15,0.6203429698944092
15,4.918845176696777
9,0.0189666748046875
9,0.022938251495361328
11,0.015956401824951172
9,0.012964963912963867
7,0.013962984085083008
13,0.31414341926574707
9,0.056832313537597656
9,0.011968135833740234
13,0.02991962432861328
5,0.004985809326171875
11,0.0608372688293457
3,0.0019948482513427734
7,0.00797891616821289
13,1.6246707439422607
11,0.018949270248413086
13,0.06783270835876465
11,0.11968517303466797
7,0.008990764617919922
13,0.15358924865722656
13,0.5465388298034668
15,0.22838830947875977
3,0.0019800662994384766
9,0.029920339584350586
9,0.07578253746032715
3,0.0019800662994384766
9,0.014944791793823242
9,0.05084943771362305
3,0.002992391586303711
7,0.010971307754516602
13,1.0202863216400146
11,0.05287289619445801
7,0.008979320526123047
9,0.0219419002532959
3,0.0029926300048828125
11,0.015956640243530273
9,0.016951322555541992
7,0.007980823516845703
9,0.027921676635742188
9,0.06382918357849121
13,0.10872483253479004
7,0.007977485656738281
5,0.00498652458190918
11,0.14860248565673828
5,0.003988742828369141
5,0.00397491455078125
13,0.45478343963623047
9,0.01994633674621582
11,0.3670024871826172
15,0.0498507022857666
9,0.40493202209472656
9,0.26630330085754395
3,0.001990795135498047
9,0.012970447540283203
5,0.004986286163330078
9,0.3031902313232422
9,0.06583929061889648
5,0.004985809326171875
5,0.005983591079711914
3,0.002977609634399414
9,0.26130008697509766
7,0.0069789886474609375
11,0.01795172691345215
15,1.6326344013214111
13,0.16457438468933105
9,0.025931119918823242
9,0.04888486862182617
15,0.675194501876831
9,0.012962102890014648
11,0.022937536239624023
7,0.024918079376220703
7,0.012965202331542969
7,0.013978242874145508
15,3.5764501094818115
11,0.022922515869140625
13,0.2583038806915283
7,0.008975744247436523
5,0.00498652458190918
5,0.00498652458190918
7,0.02892279624938965
13,0.02095937728881836
7,0.007992744445800781
11,1.729374885559082
7,0.012965202331542969
5,0.004987239837646484
7,0.007978677749633789
7,0.0269320011138916
5,0.00498652458190918
7,0.012963533401489258
11,0.02195572853088379
9,0.046874284744262695
11,0.10571622848510742
5,0.005001544952392578
9,0.025931358337402344
7,0.006985902786254883
11,0.9624311923980713
15,380.48044180870056
9,0.06083822250366211
5,0.0049855709075927734
9,0.0608367919921875
9,0.012965202331542969
3,0.0029921531677246094
1,0.0009980201721191406
7,0.010974884033203125
7,0.009973287582397461
5,0.004986286163330078
7,0.007979869842529297
7,0.007964849472045898
7,0.010966777801513672
5,0.004972934722900391
15,1.3025166988372803
1,0.0009818077087402344
7,0.008976221084594727
3,0.001994609832763672
13,0.11967992782592773
11,0.36602115631103516
9,0.029938697814941406
3,0.002991914749145508
13,21.282082557678223
7,0.008973836898803711
9,0.302187442779541
13,0.023936033248901367
9,0.014959335327148438
13,0.09873628616333008
11,0.07878923416137695
3,0.0019943714141845703
17,0.26628732681274414
5,0.003998994827270508
5,0.004987955093383789
5,0.0059850215911865234
7,0.013962507247924805
15,0.09275174140930176
1,0.000993967056274414
11,0.01697087287902832
3,0.0030074119567871094
15,0.5016741752624512
3,0.003008127212524414
11,0.8597004413604736
13,0.09473061561584473
7,0.011967658996582031
13,1.5857746601104736
11,0.08976006507873535
9,0.0249330997467041
5,0.0060007572174072266
5,0.005999326705932617
15,23.120182752609253
11,0.04888486862182617
7,0.007978677749633789
7,0.00897526741027832
17,0.5784533023834229
11,0.014958620071411133
7,0.007978200912475586
3,0.0020139217376708984
13,0.09474778175354004
7,0.007978677749633789
9,0.013963460922241211
11,0.14361310005187988
9,0.19147205352783203
9,0.055849552154541016
7,0.008975982666015625
5,0.0049877166748046875
9,0.043882131576538086
7,0.010970830917358398
13,0.13065481185913086
11,0.24634122848510742
3,0.0029914379119873047
7,0.013962507247924805
9,0.016955137252807617
7,0.006981849670410156
17,7.016216039657593
11,0.04787182807922363
7,0.013977527618408203
5,0.004987239837646484
9,0.01696944236755371
7,0.012964963912963867
3,0.002009868621826172
9,0.012965679168701172
9,0.010973453521728516
5,0.0039806365966796875
13,0.3500642776489258
11,0.09673333168029785
11,0.07978677749633789
3,0.0019979476928710938
9,0.01396632194519043
17,1.0172793865203857
11,0.2702767848968506
5,0.00498652458190918
5,0.005983829498291016
13,0.08874773979187012
9,0.03389382362365723
13,0.060837507247924805
7,0.036885976791381836
7,0.009972572326660156
3,0.001994609832763672
9,0.0718088150024414
9,0.04388308525085449
7,0.00799870491027832
15,3.1176629066467285
7,0.00797891616821289
3,0.002010822296142578
7,0.00899195671081543
9,0.011983871459960938
15,0.411898136138916
7,0.00698089599609375
11,0.01697087287902832
11,0.018950462341308594
9,0.022939443588256836
9,0.019962549209594727
11,0.02694392204284668
9,0.0249478816986084
7,0.007994890213012695
11,0.10174322128295898
9,0.022954702377319336
7,0.00799417495727539
9,0.012981176376342773
11,0.22142434120178223
13,5.187142848968506
1,0.0
7,0.00799417495727539
13,8.761567115783691
5,0.00498652458190918
1,0.0
5,0.003989458084106445
7,0.007978439331054688
5,0.00498652458190918
9,0.01495981216430664
7,0.02892279624938965
9,0.28523778915405273
7,0.01496124267578125
9,0.024933338165283203
9,0.0249330997467041
9,0.016952991485595703
7,0.012967109680175781
5,0.004985809326171875
17,4.345393419265747
9,0.06680536270141602
9,0.01595759391784668
5,0.00498509407043457
13,1.4541130065917969
15,42.564164876937866
3,0.0029764175415039062
7,0.0069653987884521484
13,0.10570001602172852
7,0.013962745666503906
11,0.0329132080078125
7,0.00896143913269043
11,0.055835723876953125
15,2.7197060585021973
11,0.7868945598602295
9,0.3320925235748291
7,0.013962507247924805
15,0.5435466766357422
13,0.20545077323913574
11,0.02993488311767578
9,0.07780694961547852
9,0.011968135833740234
7,0.013947010040283203
11,0.18251276016235352
13,1.263603925704956
9,0.014943838119506836
13,0.035903215408325195
5,0.0049855709075927734
9,0.0797722339630127
5,0.004992246627807617
7,0.010971784591674805
11,0.5385410785675049
1,0.0
7,0.0279238224029541
9,0.012965917587280273
17,31.721165657043457
9,0.012950658798217773
7,0.006997108459472656
13,13.617581844329834
15,2.635951042175293
11,0.01996135711669922
15,0.05084943771362305
5,0.004971981048583984
5,0.004971981048583984
11,0.07777523994445801
9,0.014960765838623047
9,0.029920578002929688
3,0.002992868423461914
7,0.007978200912475586
11,0.03191518783569336
9,0.022938966751098633
13,0.09873604774475098
17,6543.445158481598
13,0.07679414749145508
7,0.02892303466796875
9,0.04787278175354004
3,0.002992391586303711
9,0.02593088150024414
7,0.013962030410766602
11,0.1545867919921875
15,0.5415518283843994
11,0.021942138671875
11,0.08876347541809082
9,0.016954898834228516
7,0.007979154586791992
9,0.010970592498779297
7,0.007979154586791992
11,0.02992081642150879
5,0.004986286163330078
9,0.025931358337402344
9,0.013963699340820312
7,0.013962745666503906
3,0.0019948482513427734
11,0.03889656066894531
13,0.6293015480041504
11,1.7682709693908691
5,0.004986286163330078
9,0.029920101165771484
5,0.00399017333984375
7,0.00899195671081543
11,0.04090619087219238
9,0.07282209396362305
7,0.00799417495727539
15,20.903112173080444
7,0.008992433547973633
11,0.12468266487121582
13,0.12169027328491211
11,0.08977580070495605
9,0.03891181945800781
5,0.005002260208129883
5,0.005999565124511719
7,0.013964653015136719
7,0.02794027328491211
9,0.013978004455566406
5,0.0050029754638671875
5,0.005002737045288086
15,0.39894962310791016
5,0.00500178337097168
7,0.007993936538696289
11,0.2573280334472656
9,0.013978242874145508
11,0.04089164733886719
7,0.011970758438110352
3,0.001996278762817383
7,0.006981611251831055
9,0.11470913887023926
9,0.27129030227661133
7,0.0069959163665771484
9,0.01697087287902832
7,0.013978719711303711
5,0.005002737045288086
5,0.00599980354309082
9,0.011983633041381836
9,0.024949073791503906
5,0.005002498626708984
3,0.002009153366088867
11,0.021956920623779297
5,0.005002260208129883
9,0.0219571590423584
11,0.21344518661499023
7,0.00998830795288086
7,0.015973329544067383
11,0.12069344520568848
11,0.07780933380126953
13,0.03492236137390137
15,0.3261435031890869
3,0.0020110607147216797
9,0.017967700958251953
9,0.011984109878540039
1,0.0009980201721191406
9,0.0718235969543457
11,0.035920143127441406
7,0.00899195671081543
9,0.01896500587463379
3,0.0030078887939453125
11,0.1546030044555664
7,0.006998300552368164
5,0.00599980354309082
5,0.006997346878051758
15,10.292474746704102
7,0.010970592498779297
7,0.010987281799316406
3,0.0020105838775634766
5,0.005002260208129883
9,0.010991573333740234
5,0.005002498626708984
11,0.12867259979248047
3,0.0020112991333007812
7,0.010986804962158203
7,0.008991718292236328
3,0.0030078887939453125
9,0.3012123107910156
13,0.23437285423278809
3,0.0020101070404052734
13,36.30291175842285
5,0.0049877166748046875
15,271.4959087371826
13,2.52923583984375
5,0.004985332489013672
5,0.0040051937103271484
9,0.012983083724975586
9,0.024948596954345703
13,0.4966723918914795
5,0.005002021789550781
11,0.24336481094360352
3,0.0020105838775634766
5,0.004986763000488281
7,0.012980222702026367
5,0.00498509407043457
7,0.007979154586791992
11,0.021937131881713867
13,0.20246148109436035
1,0.0009822845458984375
5,0.004987239837646484
7,0.010970592498779297
13,0.22139263153076172
9,0.05983686447143555
11,0.054834842681884766
9,0.0139617919921875
5,0.005984306335449219
3,0.0020105838775634766
7,0.00799417495727539
9,0.018965721130371094
3,0.0020101070404052734
11,1.7712631225585938
9,0.012964725494384766
3,0.0029921531677246094
7,0.015957355499267578
15,0.17253828048706055
7,0.008975505828857422
9,0.013962507247924805
7,0.007977962493896484
9,0.023936033248901367
9,0.07978630065917969
5,0.005984067916870117
15,0.5146245956420898
11,0.14461302757263184
5,0.005002260208129883
7,0.006995677947998047
9,0.01996302604675293
11,0.07679462432861328
9,0.028922319412231445
11,0.038910865783691406
7,0.007994413375854492
5,0.005002498626708984
7,0.007995128631591797
3,0.003008127212524414
1,0.0010132789611816406
13,8.12527060508728
9,0.04886937141418457
3,0.002992868423461914
9,0.01795172691345215
13,0.025931119918823242
11,0.05985546112060547
5,0.005003213882446289
3,0.002010345458984375
11,0.13065171241760254
17,0.31017065048217773
15,0.5265929698944092
11,0.019932031631469727
5,0.004971981048583984
7,0.029904842376708984
9,0.013962984085083008
11,0.03789925575256348
11,0.20844221115112305
3,0.001995086669921875
3,0.0019958019256591797
5,0.0059850215911865234
11,0.7669332027435303
11,0.026927947998046875
7,0.008975982666015625
13,0.09971880912780762
11,0.2044544219970703
5,0.005984067916870117
11,0.13066649436950684
9,0.013978242874145508
7,0.012981653213500977
11,0.030932903289794922
7,0.007979869842529297
11,0.0688319206237793
11,0.28226208686828613
3,0.0020110607147216797
11,0.10972237586975098
7,0.00899195671081543
5,0.005003452301025391
7,0.01397848129272461
1,0.000997781753540039
3,0.0030074119567871094
1,0.0010135173797607422
7,0.007994413375854492
9,0.022954225540161133
9,0.3042023181915283
11,0.06982898712158203
7,0.006996870040893555
7,0.03691720962524414
1,0.000997781753540039
13,3.20343279838562
13,5.220039129257202
13,0.029935359954833984
11,0.02594614028930664
9,0.019960880279541016
13,0.10771322250366211
11,0.03891563415527344
15,1.5648159980773926
7,0.011953353881835938
7,0.013962507247924805
11,1.0701382160186768
7,0.007978677749633789
11,0.13663482666015625
7,0.009973764419555664
15,6.1385979652404785
13,0.4447953701019287
1,0.0
7,0.012965917587280273
11,0.1545865535736084
5,0.003989219665527344
11,0.019946575164794922
11,0.04286956787109375
11,0.10372233390808105
5,0.004986286163330078
5,0.005979776382446289
7,0.02694249153137207
13,1.0142719745635986
7,0.026912689208984375
11,0.026929140090942383
7,0.008975744247436523
9,0.19148802757263184
9,0.01695394515991211
5,0.004987478256225586
5,0.004983425140380859
13,0.24735403060913086
3,0.002992391586303711
9,0.022934436798095703
9,0.012965679168701172
15,20.085269451141357
11,0.06781816482543945
7,0.007978200912475586
7,0.009972810745239258
3,0.002991914749145508
3,0.0019941329956054688
9,0.016953706741333008
9,0.07878804206848145
5,0.004985809326171875
17,0.2922031879425049
11,0.016971111297607422
9,0.010985851287841797
5,0.005002021789550781
13,0.03392481803894043
5,0.005002737045288086
13,0.16756796836853027
9,0.014975786209106445
11,0.5076422691345215
9,0.02293872833251953
13,0.42687392234802246
15,0.13066720962524414
7,0.016970396041870117
5,0.005001068115234375
7,0.007994651794433594
9,0.013963699340820312
11,0.03291463851928711
9,0.05088210105895996
11,0.0219419002532959
11,0.0907585620880127
3,0.001994609832763672
5,0.004972219467163086
7,0.013948202133178711
9,0.03889608383178711
11,0.3839888572692871
9,0.010986566543579102
13,0.14662456512451172
9,0.012983083724975586
9,0.012980937957763672
7,0.007995128631591797
7,0.012980461120605469
5,0.005999565124511719
11,0.2822606563568115
9,0.26628875732421875
5,0.004971742630004883
3,0.001980304718017578
7,0.027910232543945312
11,0.020928621292114258
11,0.021941423416137695
3,0.002992868423461914
1,0.0009982585906982422
13,0.019962549209594727
3,0.0020112991333007812
13,0.0718233585357666
11,0.04190421104431152
9,0.3012120723724365
7,0.008992195129394531
9,0.010986328125
15,1.2337172031402588
5,0.005002260208129883
11,0.07381820678710938
9,0.015972614288330078
3,0.002010822296142578
7,0.00696563720703125
3,0.0029778480529785156
11,0.31015563011169434
5,0.004987239837646484
11,0.08477425575256348
5,0.004987478256225586
9,0.15558266639709473
11,0.326127290725708
13,0.2892265319824219
7,0.009973764419555664
5,0.004986763000488281
13,0.11967992782592773
11,0.027876615524291992
9,0.06482577323913574
11,0.0229337215423584
9,0.057860612869262695
5,0.003989458084106445
5,0.003990888595581055
7,0.012965202331542969
9,0.022937536239624023
9,0.011969327926635742
11,0.0718076229095459
9,0.012965679168701172
11,0.08977437019348145
11,0.052858591079711914
3,0.0020101070404052734
11,0.07079458236694336
15,0.5734498500823975
5,0.004986763000488281
13,0.3480851650238037
11,0.17551493644714355
11,0.3919517993927002
11,0.10372328758239746
3,0.0029926300048828125
3,0.0019943714141845703
7,0.026929855346679688
13,0.0468754768371582
13,0.06281661987304688
7,0.007997751235961914
9,0.05087876319885254
9,0.011967897415161133
11,0.024932861328125
11,0.12067723274230957
5,0.004970550537109375
5,0.005988359451293945
9,0.014959335327148438
9,0.015941858291625977
7,0.008961677551269531
5,0.004987001419067383
13,0.656243085861206
13,40.01598048210144
3,0.0019943714141845703
3,0.0030069351196289062
11,0.07081079483032227
13,0.02892327308654785
11,0.6981327533721924
5,0.00498652458190918
11,0.09775853157043457
7,0.02794051170349121
5,0.005002021789550781
9,0.0249330997467041
11,0.3091733455657959
13,1.7622871398925781
9,0.01298069953918457
9,0.05186128616333008
11,0.029920339584350586
15,1.3603460788726807
9,0.07480001449584961
7,0.011967897415161133
5,0.004988670349121094
15,24.352870225906372
13,0.12566423416137695
9,0.017946958541870117
17,2.7636091709136963
5,0.004982709884643555
7,0.00798344612121582
13,0.2234034538269043
13,0.13563752174377441
11,0.7071082592010498
5,0.00598454475402832
7,0.007977724075317383
13,0.135636568069458
7,0.013962745666503906
9,0.0359036922454834
9,0.049871206283569336
15,0.23237848281860352
5,0.0049860477447509766
3,0.002009868621826172
9,0.011968135833740234
7,0.01296544075012207
7,0.02991962432861328
9,0.012965917587280273
13,0.27225589752197266
7,0.010973453521728516
3,0.002992868423461914
9,0.18851017951965332
15,0.6014053821563721
13,0.1186976432800293
7,0.012979984283447266
9,0.05485343933105469
5,0.004999399185180664
5,0.006985664367675781
5,0.004971504211425781
7,0.008976936340332031
7,0.007976055145263672
13,0.13262724876403809
9,0.013943672180175781
9,0.048883914947509766
9,0.046874046325683594
9,0.010970830917358398
7,0.029919862747192383
5,0.004985809326171875
13,0.11170029640197754
15,0.18849587440490723
9,0.02194070816040039
7,0.011968374252319336
7,0.007978200912475586
7,0.007979154586791992
7,0.012965202331542969
7,0.006981372833251953
5,0.005983829498291016
13,0.9185431003570557
9,0.028906822204589844
11,0.050847530364990234
7,0.006981611251831055
5,0.004987001419067383
11,0.13763093948364258
5,0.0049707889556884766
7,0.010954856872558594
3,0.0019788742065429688
7,0.007978677749633789
11,0.042885780334472656
7,0.007977962493896484
9,0.025930404663085938
7,0.030911684036254883
13,0.10471963882446289
5,0.003992557525634766
9,0.0857701301574707
9,0.04785656929016113
5,0.005969047546386719
9,0.013947725296020508
9,0.051846981048583984
11,0.0827791690826416
7,0.009973526000976562
5,0.004987478256225586
3,0.002992391586303711
15,0.20046401023864746
11,2.638941526412964
13,2.233013153076172
7,0.009976863861083984
7,0.00797891616821289
11,0.01597285270690918
13,0.14662623405456543
7,0.013965129852294922
11,0.11268377304077148
3,0.001995563507080078
3,0.0020089149475097656
7,0.008975744247436523
7,0.00897669792175293
7,0.007982969284057617
9,0.06981277465820312
3,0.002991199493408203
5,0.00498199462890625
7,0.026942014694213867
15,0.15358924865722656
9,0.019947290420532227
9,0.01695561408996582
13,0.6652204990386963
11,0.1735365390777588
9,0.05285906791687012
5,0.004986763000488281
7,0.007973670959472656
9,0.013961315155029297
7,0.009973764419555664
5,0.003989696502685547
5,0.0049877166748046875
13,0.04388284683227539
7,0.0069811344146728516
7,0.007979154586791992
1,0.000982046127319336
15,0.5325722694396973
5,0.005983829498291016
1,0.0009970664978027344
11,0.2124314308166504
11,0.12765789031982422
9,0.023936033248901367
3,0.001994609832763672
7,0.010971307754516602
11,0.30916619300842285
5,0.004971981048583984
11,0.08675336837768555
5,0.004987478256225586
7,0.013962745666503906
13,1.4870378971099854
7,0.008975982666015625
9,0.054852962493896484
7,0.007978677749633789
9,0.011969566345214844
5,0.005001544952392578
3,0.0019981861114501953
13,0.38299059867858887
11,0.19148921966552734
9,0.27725744247436523
9,0.012949705123901367
9,0.09175443649291992
9,0.05186152458190918
3,0.0019905567169189453
9,0.010970354080200195
3,0.0029883384704589844
9,0.017937421798706055
11,0.11668825149536133
17,28.29831862449646
5,0.005002021789550781
7,0.008976221084594727
5,0.004987239837646484
9,0.01695418357849121
13,1.3593645095825195
9,0.04888463020324707
7,0.00897526741027832
5,0.0049877166748046875
5,0.0059680938720703125
5,0.004971027374267578
5,0.004971027374267578
5,0.0049707889556884766
5,0.0049707889556884766
7,0.013946771621704102
9,0.016954898834228516
13,0.1076960563659668
7,0.01894831657409668
15,0.21941304206848145
7,0.008975982666015625
9,0.015957117080688477
15,3.7948522567749023
13,0.6961233615875244
9,0.017935991287231445
11,0.06580376625061035
7,0.018932342529296875
7,0.007962465286254883
9,0.3031895160675049
5,0.00500178337097168
11,0.09176969528198242
11,0.0748143196105957
7,0.008990287780761719
5,0.005001544952392578
13,2.0744504928588867
7,0.011951684951782227
7,0.007963180541992188
3,0.002975940704345703
1,0.0009813308715820312
7,0.007962703704833984
9,0.013946771621704102
3,0.002991914749145508
7,0.008975982666015625
3,0.001994609832763672
13,0.09873580932617188
7,0.012965202331542969
13,0.0718076229095459
11,0.0249330997467041
5,0.00498652458190918
13,1.5059731006622314
7,0.007979154586791992
17,2.752639055252075
5,0.004971981048583984
9,0.0498509407043457
3,0.0019791126251220703
11,0.09175443649291992
11,0.025929689407348633
9,0.05485391616821289
3,0.0029914379119873047
13,0.23239421844482422
11,0.021942138671875
13,0.4358346462249756
9,0.01795196533203125
5,0.00599980354309082
5,0.005002498626708984
5,0.004004478454589844
5,0.005002260208129883
5,0.004004955291748047
3,0.0020112991333007812
5,0.005002260208129883
7,0.007994890213012695
9,0.021956682205200195
11,0.09175562858581543
7,0.011967182159423828
9,0.03392434120178223
5,0.005002260208129883
5,0.005002737045288086
3,0.003013134002685547
11,3.3251068592071533
11,0.028922080993652344
13,1.021268367767334
11,0.11768555641174316
7,0.007994413375854492
13,0.1316678524017334
7,0.02794170379638672
5,0.005002737045288086
5,0.004004955291748047
9,0.018967390060424805
7,0.013978958129882812
13,0.03990936279296875
3,0.0020110607147216797
9,0.017967700958251953
9,0.2044534683227539
9,0.015958070755004883
15,2.711747407913208
9,0.0249176025390625
11,0.029919862747192383
11,0.7739465236663818
15,0.419893741607666
9,0.021958112716674805
11,0.7400217056274414
3,0.002010345458984375
7,0.00899505615234375
5,0.004004955291748047
13,0.6602504253387451
11,0.15560030937194824
7,0.006982326507568359
5,0.004971504211425781
7,0.012950658798217773
9,0.049851179122924805
7,0.010952472686767578
7,0.015943050384521484
9,0.022924184799194336
7,0.011968851089477539
7,0.007978439331054688
9,0.27129030227661133
11,0.14163661003112793
7,0.0069959163665771484
19,0.7998607158660889
13,1.6366028785705566
11,0.08475875854492188
13,0.11070394515991211
3,0.002992868423461914
5,0.003989458084106445
11,0.022938966751098633
15,0.20943999290466309
11,0.805840015411377
9,0.024948835372924805
9,0.010985612869262695
11,0.11969542503356934
7,0.006997346878051758
1,0.0
9,0.02395153045654297
9,0.010986089706420898
7,0.007993221282958984
5,0.004987478256225586
15,0.12069272994995117
7,0.007994890213012695
13,0.07780766487121582
15,0.6782026290893555
11,1.0870933532714844
17,0.8168306350708008
9,0.013977527618408203
3,0.0029752254486083984
7,0.009958505630493164
15,0.29419851303100586
7,0.026929616928100586
7,0.00798344612121582
9,0.032912254333496094
5,0.00497126579284668
3,0.002010822296142578
1,0.0009980201721191406
13,0.029920101165771484
9,0.02792811393737793
9,0.019946575164794922
13,0.452789306640625
11,0.03588461875915527
5,0.0049724578857421875
7,0.008960962295532227
11,0.08676838874816895
11,0.09873628616333008
9,0.021941423416137695
11,0.2642934322357178
7,0.008975982666015625
11,0.9155519008636475
5,0.004987239837646484
11,0.03191423416137695
5,0.005002737045288086
5,0.005999565124511719
7,0.008991718292236328
13,0.14361572265625
3,0.001977682113647461
9,0.021924972534179688
9,0.02391958236694336
7,0.01294851303100586
5,0.003979921340942383
15,3.3440399169921875
7,0.008975982666015625
7,0.008975744247436523
5,0.00498652458190918
5,0.005983591079711914
9,0.012964963912963867
13,0.16057062149047852
9,0.15556693077087402
7,0.009972810745239258
13,0.09175586700439453
17,0.3759739398956299
9,0.02990412712097168
9,0.05184483528137207
9,0.05086350440979004
17,382.27065205574036
9,0.0718069076538086
7,0.010986089706420898
7,0.007979869842529297
9,0.0718224048614502
3,0.002010345458984375
5,0.004986763000488281
3,0.0030083656311035156
9,0.2702949047088623
7,0.017967700958251953
11,0.028938770294189453
11,0.14762115478515625
9,0.01597309112548828
9,0.03592038154602051
3,0.0020101070404052734
7,0.027941226959228516
11,0.14462924003601074
11,0.02893853187561035
9,0.04988217353820801
13,0.34908223152160645
13,0.45180749893188477
5,0.005999326705932617
7,0.010985851287841797
1,0.0010159015655517578
17,4.0820839405059814
5,0.0049707889556884766
7,0.010955810546875
13,0.2433333396911621
9,0.01693868637084961
9,0.011967897415161133
15,0.36899757385253906
17,0.20546603202819824
5,0.004006147384643555
13,0.044896602630615234
9,0.014979124069213867
5,0.005003213882446289
15,1.9278602600097656
9,0.024949073791503906
13,0.024949073791503906
9,0.05985593795776367
5,0.00400543212890625
9,0.010988950729370117
7,0.00799417495727539
11,0.9544632434844971
9,0.013977766036987305
13,0.24436235427856445
11,0.016970396041870117
9,0.01595783233642578
9,0.049881696701049805
9,0.06383085250854492
9,0.19150805473327637
5,0.004984617233276367
13,1.6515681743621826
3,0.0019943714141845703
1,0.0009980201721191406
9,0.05088329315185547
3,0.002010345458984375
15,3.5983760356903076
11,0.05385732650756836
15,17.205002546310425
11,0.0219571590423584
17,1.4660944938659668
5,0.005002498626708984
11,0.038912057876586914
9,0.011984109878540039
17,0.6702232360839844
5,0.004005908966064453
7,0.007994413375854492
11,0.5226175785064697
7,0.007993936538696289
5,0.006000041961669922
5,0.0040051937103271484
7,0.026943683624267578
9,0.04988265037536621
11,0.14463067054748535
5,0.003989458084106445
1,0.0009982585906982422
3,0.002010345458984375
3,0.0020101070404052734
9,0.03193020820617676
17,0.5704901218414307
11,0.21043610572814941
7,0.006981372833251953
11,0.06780338287353516
5,0.004987478256225586
11,0.3620331287384033
9,0.02992081642150879
5,0.004987239837646484
7,0.029920578002929688
9,0.011968612670898438
11,1.555854320526123
11,0.0329279899597168
3,0.0020127296447753906
11,0.06982874870300293
7,0.006997346878051758
13,0.1984846591949463
15,0.08977627754211426
11,0.08977556228637695
5,0.005002021789550781
15,14.752546787261963
9,0.020929574966430664
13,1.1608800888061523
9,0.019931793212890625
9,0.01594233512878418
9,0.023920059204101562
7,0.007978677749633789
13,0.13962626457214355
3,0.001995563507080078
11,0.01597285270690918
13,0.09575963020324707
1,0.0009989738464355469
11,1.7383508682250977
11,0.11168646812438965
9,0.023935794830322266
11,0.044879913330078125
7,0.008978843688964844
17,0.3650248050689697
13,2.7675981521606445
13,0.2124474048614502
9,0.011983633041381836
11,0.01796722412109375
9,0.07880496978759766
9,0.04288673400878906
13,1.217742919921875
7,0.00899195671081543
17,8.908194780349731
7,0.007996559143066406
7,0.007994890213012695
7,0.012981176376342773
7,0.009989023208618164
11,1.0631725788116455
5,0.005002260208129883
7,0.009972095489501953
3,0.0029764175415039062
1,0.000982046127319336
5,0.005003213882446289
9,0.015958070755004883
11,0.07378721237182617
11,0.18350911140441895
5,0.005967855453491211
11,0.03389334678649902
3,0.002977132797241211
13,0.3500478267669678
17,0.7848861217498779
11,0.7031197547912598
3,0.0029921531677246094
15,2.7107648849487305
11,0.09971833229064941
17,300.6020681858063
17,12.563401460647583
7,0.00797891616821289
11,0.09873437881469727
5,0.004003047943115234
7,0.011967897415161133
3,0.0019943714141845703
9,0.010970830917358398
9,0.011962890625
9,0.051876068115234375
17,0.1515941619873047
13,1.1738691329956055
7,0.008960485458374023
7,0.007978677749633789
9,0.02293872833251953
9,0.02593064308166504
3,0.002991914749145508
5,0.004996776580810547
3,0.0029909610748291016
9,0.057845354080200195
5,0.003988504409790039
15,2.915205240249634
7,0.013946771621704102
9,0.01395559310913086
5,0.004986286163330078
3,0.002992391586303711
11,1.9956631660461426
7,0.0069959163665771484
9,0.012981653213500977
9,0.01397848129272461
9,0.03292727470397949
11,0.08179712295532227
7,0.010986089706420898
9,0.029935121536254883
7,0.007994413375854492
9,0.01198434829711914
7,0.009974002838134766
7,0.008971929550170898
15,3.470717668533325
9,0.011951923370361328
9,0.0249330997467041
5,0.0059642791748046875
7,0.009974002838134766
11,0.342069149017334
5,0.0049707889556884766
13,1.100074052810669
1,0.0
13,0.17352008819580078
7,0.009974241256713867
13,0.3899571895599365
3,0.001984119415283203
7,0.007962703704833984
7,0.0069811344146728516
13,30.963189840316772
7,0.006979942321777344
3,0.001993894577026367
7,0.009973526000976562
9,0.03391003608703613
1,0.0009980201721191406
7,0.035902976989746094
7,0.015957355499267578
3,0.001993894577026367
3,0.0019969940185546875
7,0.010970830917358398
3,0.0029916763305664062
5,0.003989219665527344
11,0.09873557090759277
5,0.005980968475341797
3,0.002991914749145508
15,0.2952101230621338
5,0.004985809326171875
13,3.491647243499756
9,0.07380199432373047
5,0.005984067916870117
5,0.004986763000488281
9,0.010985612869262695
11,0.029920339584350586
9,0.009968042373657227
11,0.15259242057800293
11,0.02892303466796875
3,0.0019953250885009766
13,0.28823423385620117
7,0.006979703903198242
3,0.0019903182983398438
11,2.8583524227142334
13,0.0578305721282959
11,0.9325063228607178
5,0.00498652458190918
13,11.294792890548706
11,0.04586195945739746
9,0.05087924003601074
5,0.004970550537109375
9,0.011968851089477539
9,0.017937421798706055
1,0.0009827613830566406
11,0.09473085403442383
11,0.08876252174377441
7,0.007978439331054688
9,0.0797874927520752
11,0.06482696533203125
3,0.003007173538208008
7,0.01196742057800293
19,3.7629354000091553
5,0.003989696502685547
9,0.04288530349731445
13,6.072759389877319
5,0.005002498626708984
3,0.0020105838775634766
7,0.00799560546875
13,0.41489171981811523
11,0.13063526153564453
9,0.01695537567138672
7,0.009973287582397461
7,0.00897526741027832
1,0.0009968280792236328
3,0.0019943714141845703
11,0.019930362701416016
15,1.2995247840881348
7,0.010987043380737305
13,0.47871994972229004
9,0.018958091735839844
11,0.18648529052734375
5,0.00498652458190918
7,0.029920339584350586
7,0.008976221084594727
13,4.335407495498657
7,0.012979984283447266
9,0.01198267936706543
5,0.0050013065338134766
9,0.07281994819641113
3,0.0020093917846679688
7,0.007992982864379883
11,1.4551234245300293
9,0.05087876319885254
5,0.003987789154052734
9,0.2672848701477051
7,0.008973360061645508
7,0.007981538772583008
7,0.006984710693359375
13,0.17553114891052246
13,1.6924731731414795
9,0.12465047836303711
7,0.007963180541992188
7,0.00896000862121582
11,0.03288722038269043
17,3.7819013595581055
9,0.022938013076782227
5,0.004989147186279297
9,0.024934053421020508
11,0.030917644500732422
13,0.19747185707092285
17,10.815075874328613
11,0.017936229705810547
13,0.09773969650268555
5,0.004971742630004883
7,0.012950420379638672
11,0.06780409812927246
5,0.00497126579284668
7,0.006966352462768555
13,0.2074449062347412
13,0.2822449207305908
3,0.0019948482513427734
5,0.004986763000488281
5,0.004990339279174805
9,0.010970592498779297
7,0.007980585098266602
9,0.07480001449584961
17,6.257266044616699
7,0.029918432235717773
9,0.3011798858642578
15,0.18947720527648926
1,0.000982046127319336
11,0.08178257942199707
5,0.003974437713623047
9,0.022923946380615234
11,0.21741867065429688
13,1.9886655807495117
13,2.2290375232696533
9,0.05583524703979492
9,0.029903888702392578
13,0.374997615814209
9,0.017966032028198242
11,0.20744538307189941
9,0.016954660415649414
13,0.08676815032958984
11,0.9255244731903076
9,0.02092909812927246
3,0.002976655960083008
13,0.028908491134643555
11,0.11068868637084961
5,0.004971742630004883
7,0.00796365737915039
13,0.030902624130249023
5,0.004986763000488281
9,0.2343885898590088
9,0.07081007957458496
11,0.01993083953857422
5,0.003988504409790039
7,0.008975744247436523
13,0.30219173431396484
7,0.010955572128295898
1,0.0009808540344238281
9,0.012950897216796875
3,0.001979351043701172
5,0.004971981048583984
11,0.2074451446533203
9,0.03690171241760254
7,0.029920101165771484
1,0.0
11,0.18649578094482422
15,1.60469388961792
5,0.00498652458190918
5,0.003989219665527344
7,0.009973287582397461
7,0.015957117080688477
5,0.005002498626708984
3,0.001995563507080078
13,0.7230658531188965
11,0.02391982078552246
7,0.00797724723815918
7,0.00797891616821289
7,0.00797891616821289
13,0.13164639472961426
9,0.0249326229095459
9,0.07878947257995605
3,0.002996683120727539
9,0.029904603958129883
11,0.08577084541320801
5,0.00500178337097168
11,0.05385565757751465
13,0.435819149017334
9,0.06981301307678223
3,0.0019791126251220703
9,0.013947486877441406
9,0.05084657669067383
11,2.940136432647705
7,0.010973930358886719
15,0.3939473628997803
5,0.003989696502685547
7,0.007978677749633789
7,0.007977962493896484
9,0.014959573745727539
13,0.07182145118713379
9,0.3031890392303467
7,0.007979869842529297
9,0.024932146072387695
9,0.0718069076538086
13,0.14861774444580078
5,0.0049893856048583984
9,0.08476877212524414
7,0.007978439331054688
15,1.1200039386749268
7,0.008960247039794922
11,0.24433016777038574
7,0.007994651794433594
7,0.008991241455078125
13,10.8629469871521
5,0.0049703121185302734
7,0.009957313537597656
13,6.266242265701294
11,0.03192877769470215
7,0.007978439331054688
7,0.013962030410766602
5,0.0049860477447509766
9,0.013962984085083008
7,0.008976221084594727
7,0.00897669792175293
9,0.013962030410766602
13,0.09375333786010742
11,0.07480216026306152
11,0.06881594657897949
5,0.003988981246948242
13,0.4667351245880127
9,0.011967897415161133
5,0.004983425140380859
7,0.006997346878051758
5,0.005984067916870117
7,0.02792501449584961
9,0.026928424835205078
11,0.14361572265625
9,0.011983633041381836
11,0.02292156219482422
7,0.012965202331542969
11,0.11467885971069336
7,0.013962268829345703
7,0.007977962493896484
5,0.0059850215911865234
7,0.027924776077270508
9,0.05086469650268555
5,0.0049860477447509766
7,0.009973764419555664
7,0.013963460922241211
9,0.04388308525085449
13,0.4976694583892822
9,0.013962745666503906
7,0.008975744247436523
7,0.007979154586791992
15,0.7430133819580078
13,33.80357909202576
9,0.0807645320892334
11,0.1436159610748291
11,0.06185007095336914
9,0.018965959548950195
5,0.0050029754638671875
7,0.010986089706420898
5,0.005002021789550781
5,0.005006313323974609
11,0.02694392204284668
11,0.05985546112060547
13,0.28625035285949707
7,0.008991479873657227
13,0.12867116928100586
7,0.007994890213012695
11,0.04888558387756348
11,0.20846199989318848
15,0.0798027515411377
7,0.006997346878051758
11,0.02096080780029297
13,3.4168617725372314
5,0.0049707889556884766
13,0.2513124942779541
9,0.14461421966552734
9,0.01095128059387207
5,0.004971742630004883
7,0.006966114044189453
9,0.012950658798217773
7,0.008961200714111328
13,0.15957331657409668
3,0.001995086669921875
3,0.0019948482513427734
13,2.774580240249634
15,1.4152157306671143
7,0.010955333709716797
9,0.012960195541381836
15,0.25033020973205566
13,0.5475351810455322
11,0.20245862007141113
3,0.001995563507080078
7,0.04388236999511719
5,0.005998849868774414
9,0.03390932083129883
11,0.20046472549438477
15,0.44580793380737305
11,0.10571837425231934
7,0.007962226867675781
9,0.27225732803344727
9,0.30516910552978516
7,0.007979154586791992
9,0.0718085765838623
9,0.03490710258483887
11,0.07380294799804688
7,0.008976936340332031
11,0.04787254333496094
9,0.013962984085083008
9,0.049866676330566406
9,0.034922122955322266
7,0.007979869842529297
5,0.005972385406494141
7,0.006997823715209961
3,0.0029761791229248047
9,0.05985379219055176
3,0.0029757022857666016
5,0.0059680938720703125
15,0.09474921226501465
1,0.0009822845458984375
5,0.005967617034912109
3,0.0019943714141845703
9,0.20543384552001953
7,0.00796365737915039
11,0.7260587215423584
7,0.014960289001464844
9,0.04787158966064453
5,0.004987001419067383
7,0.01296544075012207
7,0.008976221084594727
7,0.009971857070922852
9,0.016955137252807617
5,0.005002737045288086
11,0.0219419002532959
7,0.007978677749633789
5,0.005983114242553711
7,0.011986017227172852
13,2.586099147796631
7,0.011967182159423828
13,0.0468754768371582
5,0.004987478256225586
5,0.004988193511962891
9,0.2652931213378906
7,0.007978200912475586
1,0.000982522964477539
3,0.001995563507080078
5,0.004986763000488281
13,26.921998977661133
15,0.6821610927581787
13,0.40691137313842773
9,0.01296544075012207
7,0.007978439331054688
9,0.07780718803405762
11,0.2682662010192871
13,0.1446082592010498
3,0.0019941329956054688
7,0.00796365737915039
7,0.006996870040893555
9,0.012949466705322266
9,0.012964487075805664
5,0.00498652458190918
11,0.12069296836853027
5,0.006980180740356445
13,0.039893388748168945
9,0.06680583953857422
11,0.04388260841369629
3,0.002991914749145508
7,0.02892303466796875
7,0.006991863250732422
13,1.6356098651885986
11,0.19645977020263672
7,0.0069658756256103516
7,0.00796198844909668
11,0.07679414749145508
7,0.00797891616821289
15,5.778545618057251
5,0.005967378616333008
5,0.005002737045288086
15,2.059493064880371
7,0.008960962295532227
9,0.01394796371459961
1,0.0009827613830566406
9,0.027909517288208008
15,0.12366843223571777
15,0.16256427764892578
3,0.0020110607147216797
9,0.01597285270690918
3,0.0030095577239990234
13,0.05387258529663086
7,0.006996870040893555
7,0.008991718292236328
3,0.0020110607147216797
5,0.005002021789550781
11,0.6831729412078857
7,0.012949466705322266
9,0.016954660415649414
9,0.014944314956665039
17,7.565767288208008
5,0.004971504211425781
15,0.808837890625
7,0.009990215301513672
7,0.007964372634887695
5,0.006966590881347656
11,0.04087519645690918
9,0.12466716766357422
11,3.21441912651062
13,0.33209657669067383
13,0.11168646812438965
9,0.020943403244018555
13,0.12865567207336426
7,0.006982088088989258
7,0.008975982666015625
15,0.12267231941223145
11,0.049867868423461914
11,0.07877326011657715
9,0.011953592300415039
7,0.007977962493896484
9,0.30217719078063965
9,0.011953592300415039
9,0.07178926467895508
15,0.179518461227417
11,0.02692866325378418
5,0.004985809326171875
11,0.4358365535736084
15,0.13861298561096191
11,0.11968088150024414
13,1.2985119819641113
9,0.01695418357849121
9,0.014944791793823242
7,0.008960723876953125
13,0.2672843933105469
5,0.004986286163330078
13,0.256314754486084
5,0.004970073699951172
13,0.22338223457336426
11,0.034888505935668945
11,1.5019683837890625
1,0.0009822845458984375
3,0.001995086669921875
15,0.25332069396972656
9,0.30219197273254395
9,0.047872066497802734
11,0.29718971252441406
3,0.002991199493408203
9,0.0359196662902832
5,0.00499725341796875
9,0.013962507247924805
11,0.18349456787109375
9,0.015972375869750977
11,0.14958500862121582
13,0.3450765609741211
9,0.05984091758728027
9,0.2702932357788086
11,0.031909942626953125
7,0.007980108261108398
5,0.004987478256225586
5,0.004985809326171875
9,0.11469316482543945
11,0.06781816482543945
11,0.09674072265625
3,0.0029914379119873047
7,0.012980937957763672
13,0.1495985984802246
9,0.026928186416625977
9,0.014975786209106445
13,0.09476304054260254
11,0.017968416213989258
9,0.029935598373413086
3,0.0019991397857666016
5,0.0050029754638671875
5,0.005002737045288086
1,0.0009989738464355469
7,0.02993941307067871
13,0.032927751541137695
17,0.2263956069946289
7,0.01595783233642578
7,0.012982845306396484
7,0.010986566543579102
15,0.5934128761291504
9,0.05586695671081543
7,0.02991962432861328
11,0.3889596462249756
7,0.026927947998046875
1,0.0
11,0.7300636768341064
7,0.012981176376342773
9,0.014960050582885742
11,1.4969966411590576
7,0.01296544075012207
9,0.013979196548461914
3,0.0019943714141845703
3,0.001994609832763672
5,0.00399017333984375
9,0.13164782524108887
11,0.13164901733398438
13,0.10372304916381836
3,0.0030107498168945312
3,0.0020101070404052734
7,0.006996870040893555
11,1.7463455200195312
7,0.012964963912963867
7,0.007993936538696289
3,0.002011537551879883
7,0.00699615478515625
9,0.03490614891052246
11,0.7440049648284912
9,0.013962507247924805
7,0.007978200912475586
11,0.06582403182983398
9,0.031914472579956055
9,0.07877349853515625
15,23.56895112991333
13,3.927511215209961
9,0.06880021095275879
9,0.011971712112426758
13,0.1685497760772705
11,0.16356253623962402
9,0.011968851089477539
7,0.008975982666015625
11,0.04089069366455078
9,0.027924776077270508
15,0.33310985565185547
19,4837.176416397095
9,0.012949705123901367
3,0.001994609832763672
7,0.007978439331054688
7,0.007978439331054688
5,0.004986286163330078
9,0.01595759391784668
3,0.0019943714141845703
5,0.004990339279174805
11,0.018948793411254883
7,0.008975505828857422
7,0.012964963912963867
7,0.02692723274230957
11,0.013962507247924805
5,0.0049855709075927734
9,0.01994633674621582
13,1.3533802032470703
7,0.008977174758911133
13,2.7715721130371094
7,0.008975505828857422
9,0.012964963912963867
5,0.005002021789550781
3,0.0019948482513427734
7,0.012967824935913086
11,0.268265962600708
13,0.056847333908081055
1,0.0
11,0.7539677619934082
5,0.00498652458190918
7,0.0359044075012207
9,0.011967658996582031
5,0.003989458084106445
7,0.009974002838134766
3,0.002991914749145508
5,0.003988981246948242
5,0.003988742828369141
5,0.00399017333984375
5,0.004988908767700195
11,0.19349884986877441
11,0.08874726295471191
5,0.005969047546386719
9,0.029905319213867188
13,0.03090047836303711
9,0.3011934757232666
7,0.00796365737915039
7,0.010955810546875
5,0.003972053527832031
9,0.07279038429260254
9,0.05583620071411133
5,0.0039899349212646484
11,0.7270562648773193
7,0.01396322250366211
7,0.010970830917358398
9,0.016954898834228516
9,0.011968612670898438
5,0.004987001419067383
5,0.004986763000488281
15,2.764606237411499
13,1.4660630226135254
13,0.22739148139953613
5,0.005002498626708984
5,0.005002737045288086
11,0.02293872833251953
11,0.06979823112487793
5,0.004987239837646484
3,0.002010345458984375
13,0.9365108013153076
9,0.024948835372924805
11,0.08778119087219238
9,0.019962787628173828
5,0.00400543212890625
11,0.1296541690826416
15,30.408690929412842
3,0.0029914379119873047
3,0.002010822296142578
7,0.006997346878051758
7,0.012980937957763672
7,0.026944398880004883
7,0.010986089706420898
9,0.049883365631103516
13,0.11071968078613281
9,0.05086350440979004
7,0.013978242874145508
13,0.10972189903259277
7,0.007994413375854492
7,0.007994413375854492
7,0.012986183166503906
11,0.0688316822052002
9,0.026944875717163086
7,0.008991241455078125
7,0.007993698120117188
13,0.024948835372924805
11,0.13166284561157227
5,0.005002260208129883
5,0.005001544952392578
9,0.01397848129272461
5,0.004987001419067383
9,0.013982295989990234
15,14.497228145599365
7,0.026928424835205078
9,0.014975547790527344
9,0.03191566467285156
7,0.007963180541992188
13,0.36899781227111816
5,0.004970550537109375
11,0.0498809814453125
13,0.16656994819641113
11,0.0937652587890625
13,0.22840523719787598
7,0.007978200912475586
13,0.2643101215362549
15,0.21843171119689941
5,0.005002498626708984
7,0.026944398880004883
13,0.18552017211914062
13,0.03891158103942871
5,0.0040073394775390625
7,0.013978242874145508
11,1.0791139602661133
9,0.015957355499267578
7,0.013962507247924805
11,0.10172891616821289
9,0.01396036148071289
5,0.004987478256225586
13,0.052839040756225586
7,0.007979393005371094
5,0.004987001419067383
17,11.943074703216553
5,0.0050029754638671875
3,0.0020089149475097656
17,3.2772507667541504
7,0.007977962493896484
7,0.00799417495727539
15,40.49071168899536
9,0.0359039306640625
1,0.000997304916381836
11,0.047872066497802734
5,0.004987478256225586
7,0.026928424835205078
7,0.007979869842529297
7,0.00796365737915039
3,0.001979351043701172
13,0.36899757385253906
9,0.022938013076782227
7,0.010985136032104492
13,2.0136303901672363
3,0.0019941329956054688
9,0.022954940795898438
9,0.018950462341308594
11,0.02894139289855957
7,0.007993936538696289
3,0.003008127212524414
11,0.05285906791687012
7,0.007962703704833984
7,0.012965679168701172
13,2.0884294509887695
15,4.103011131286621
11,0.09872078895568848
11,0.08977508544921875
9,0.013962745666503906
5,0.004971742630004883
13,0.1685492992401123
9,0.012965679168701172
7,0.013962745666503906
9,0.27227163314819336
11,0.05884265899658203
9,0.015953540802001953
7,0.009973764419555664
7,0.007978200912475586
9,0.023935556411743164
11,0.03390932083129883
5,0.003988504409790039
5,0.004987001419067383
7,0.011953353881835938
11,0.08876299858093262
15,5.756603956222534
9,0.024932384490966797
5,0.005984783172607422
3,0.002989053726196289
7,0.007993936538696289
9,0.013962268829345703
7,0.007978439331054688
7,0.011951923370361328
5,0.005002498626708984
13,0.13064885139465332
7,0.012966156005859375
9,0.05284237861633301
13,0.09873509407043457
7,0.00897526741027832
11,0.020928382873535156
9,0.03189897537231445
7,0.012964963912963867
7,0.026927471160888672
5,0.004986286163330078
11,0.2433490753173828
7,0.017937898635864258
7,0.0069806575775146484
5,0.0050029754638671875
5,0.005002498626708984
3,0.002009868621826172
17,0.594426155090332
9,0.011950492858886719
3,0.0019788742065429688
11,0.6642239093780518
7,0.007993698120117188
15,1.5927412509918213
13,1.6376197338104248
9,0.014976263046264648
5,0.003990650177001953
11,0.01893305778503418
11,0.06979775428771973
9,0.054837703704833984
15,0.3171360492706299
17,0.36302924156188965
11,0.12863945960998535
7,0.007975339889526367
13,9.606308221817017
13,0.027925729751586914
11,0.05885887145996094
3,0.003007650375366211
7,0.007994413375854492
5,0.0050029754638671875
9,0.016970396041870117
9,0.262298583984375
11,0.9105784893035889
7,0.016954660415649414
5,0.004971981048583984
5,0.004987478256225586
1,0.0010128021240234375
11,0.7819006443023682
7,0.010970592498779297
9,0.015957117080688477
3,0.002992391586303711
7,0.026927471160888672
11,0.13661932945251465
9,0.03690195083618164
7,0.010970354080200195
1,0.0
3,0.0029900074005126953
11,0.07679367065429688
11,0.017952442169189453
9,0.013962507247924805
9,0.023936033248901367
11,0.025930404663085938
13,0.2323780059814453
7,0.007978439331054688
5,0.0049877166748046875
3,0.0019931793212890625
9,0.061829328536987305
7,0.0109710693359375
13,0.25531697273254395
7,0.013978004455566406
13,0.056841135025024414
7,0.009973287582397461
5,0.004987478256225586
9,0.012967824935913086
7,0.0069806575775146484
15,6.068769693374634
13,0.12865567207336426
15,3.657219171524048
5,0.004987001419067383
11,4.932807683944702
11,1.0392203330993652
7,0.007978677749633789
11,0.01795196533203125
7,0.009973526000976562
3,0.002975940704345703
9,0.23537421226501465
9,0.02094435691833496
5,0.00498652458190918
9,0.030931949615478516
5,0.005986213684082031
11,0.01796722412109375
9,0.07280516624450684
9,0.3032047748565674
11,0.022953510284423828
7,0.010985136032104492
9,0.010984659194946289
9,0.07380175590515137
11,0.020958900451660156
9,0.020958662033081055
5,0.0040035247802734375
9,0.016972780227661133
9,0.013962507247924805
15,0.30519795417785645
15,2.2589595317840576
7,0.008975982666015625
11,0.015956878662109375
9,0.022954225540161133
9,0.010986566543579102
13,0.4916849136352539
7,0.007962942123413086
13,0.3510444164276123
7,0.02990436553955078
9,0.05483675003051758
7,0.0069653987884521484
9,0.05284261703491211
13,0.13962578773498535
7,0.006982326507568359
7,0.014975786209106445
11,0.08977532386779785
7,0.006983041763305664
3,0.0019941329956054688
9,0.0249178409576416
9,0.013978242874145508
11,0.6013915538787842
11,0.7599682807922363
15,0.13465571403503418
11,0.2453441619873047
9,0.018935203552246094
11,0.212446928024292
5,0.005002021789550781
5,0.005999326705932617
15,1.9358227252960205
13,0.12466692924499512
7,0.007994651794433594
11,2.263960838317871
9,0.021941184997558594
13,2.555166482925415
3,0.0019948482513427734
3,0.001978635787963867
13,0.8546996116638184
7,0.01295018196105957
11,0.7589540481567383
1,0.0009813308715820312
7,0.006997823715209961
9,0.02295398712158203
5,0.005002021789550781
11,0.046890974044799805
13,0.2234172821044922
7,0.007993936538696289
9,0.028922080993652344
9,0.021941661834716797
13,4.3334105014801025
9,0.01994633674621582
7,0.010987520217895508
7,0.008991003036499023
15,4.098024368286133
13,0.1076960563659668
5,0.004987239837646484
11,0.09574460983276367
11,0.760962724685669
7,0.043866634368896484
9,0.01693868637084961
7,0.00796365737915039
11,0.033925533294677734
5,0.004004955291748047
7,0.007994413375854492
5,0.00599980354309082
11,0.022954463958740234
11,0.07181024551391602
5,0.0059833526611328125
7,0.009971380233764648
13,1.6376194953918457
11,1.7443349361419678
11,0.03789854049682617
13,0.26630330085754395
13,0.10673022270202637
11,0.785897970199585
7,0.008960247039794922
5,0.004987001419067383
9,0.02593088150024414
9,0.010970830917358398
7,0.007995128631591797
9,0.012964963912963867
15,0.21941423416137695
9,0.02393507957458496
9,0.01896500587463379
5,0.005002260208129883
11,0.07282066345214844
7,0.011983633041381836
13,1.37931227684021
11,0.7280540466308594
5,0.0059697628021240234
9,0.024918079376220703
3,0.0029752254486083984
13,0.14960050582885742
9,0.012965917587280273
7,0.018949270248413086
1,0.0
9,0.020959854125976562
9,0.01695561408996582
7,0.007977485656738281
5,0.005983829498291016
11,0.2014777660369873
7,0.008991718292236328
3,0.0020101070404052734
5,0.005002021789550781
7,0.028939008712768555
9,0.013979196548461914
9,0.046874284744262695
11,0.13565278053283691
17,2.899247407913208
7,0.006966352462768555
11,0.8317601680755615
13,0.06781864166259766
7,0.00897669792175293
11,0.2812471389770508
9,0.011967897415161133
7,0.012950658798217773
7,0.007977724075317383
9,0.05485653877258301
9,0.013978719711303711
7,0.008991718292236328
7,0.027941226959228516
7,0.009989261627197266
9,0.01497507095336914
7,0.013982534408569336
11,0.024949073791503906
11,0.12069296836853027
5,0.00498509407043457
5,0.0050067901611328125
9,0.013978719711303711
1,0.0009980201721191406
9,0.014961481094360352
5,0.00596928596496582
11,0.12865591049194336
13,0.15059733390808105
7,0.0069811344146728516
5,0.005967378616333008
3,0.001983642578125
9,0.01693868637084961
15,9.837691068649292
7,0.007978200912475586
9,0.2622997760772705
5,0.004972219467163086
13,0.25032973289489746
5,0.0059850215911865234
7,0.008960723876953125
5,0.005968332290649414
5,0.003988981246948242
3,0.0029773712158203125
7,0.010955572128295898
11,2.6259613037109375
7,0.010955810546875
11,0.28920769691467285
5,0.004987001419067383
3,0.001995086669921875
7,0.013962984085083008
7,0.012966156005859375
13,0.4109008312225342
9,0.011968612670898438
9,0.07880473136901855
7,0.007963895797729492
11,1.0282483100891113
7,0.007979154586791992
11,0.060852766036987305
11,0.20047974586486816
7,0.00899195671081543
3,0.002010345458984375
5,0.005002021789550781
9,0.015972375869750977
11,0.21342897415161133
9,0.013945817947387695
13,0.03490710258483887
7,0.010971784591674805
7,0.012965202331542969
7,0.007979154586791992
9,0.022924423217773438
5,0.00500178337097168
9,0.034922122955322266
11,0.03193068504333496
9,0.013977527618408203
5,0.00500178337097168
11,0.1017446517944336
9,0.11071920394897461
15,0.3699944019317627
3,0.001994609832763672
9,0.013978242874145508
7,0.00799417495727539
11,0.15360546112060547
13,0.02992105484008789
11,0.024918794631958008
5,0.004972696304321289
11,0.804847002029419
13,1.244671106338501
13,0.4657399654388428
11,0.08775019645690918
7,0.026943206787109375
11,0.7579724788665771
9,0.013978719711303711
9,0.010986089706420898
9,0.021956682205200195
5,0.005002498626708984
9,0.0329279899597168
5,0.004004955291748047
11,0.7998769283294678
9,0.011967897415161133
7,0.009973287582397461
7,0.006981372833251953
7,0.008992195129394531
7,0.008960485458374023
7,0.015956401824951172
11,0.6961393356323242
17,2.2360057830810547
11,0.7649397850036621
9,0.011968374252319336
9,0.016954421997070312
11,0.7480001449584961
9,0.2702949047088623
11,0.7649564743041992
5,0.00500178337097168
9,0.05385851860046387
7,0.007982015609741211
5,0.004986286163330078
11,0.0857553482055664
9,0.023940324783325195
15,0.15560078620910645
15,0.13964200019836426
17,1.982682466506958
9,0.054854393005371094
11,0.08977580070495605
11,0.030933380126953125
11,1.4172101020812988
11,0.07978677749633789
7,0.007978677749633789
7,0.006998777389526367
13,2.1173384189605713
7,0.01296377182006836
11,0.22039246559143066
9,0.01296544075012207
7,0.010970830917358398
5,0.0049877166748046875
11,0.04886960983276367
5,0.004987239837646484
7,0.00897669792175293
5,0.005984067916870117
5,0.00498199462890625
15,0.6991302967071533
13,0.20643281936645508
5,0.005984067916870117
15,0.13264703750610352
11,0.055834293365478516
7,0.008975505828857422
9,0.013962507247924805
7,0.007978439331054688
7,0.016954660415649414
7,0.009973764419555664
9,0.12066245079040527
5,0.004986763000488281
15,25.896757125854492
3,0.003008604049682617
9,0.014943838119506836
5,0.0049707889556884766
13,0.2892270088195801
7,0.010954856872558594
7,0.01196742057800293
7,0.007962703704833984
9,0.013946294784545898
3,0.002976655960083008
